,time_sec,number_total_car,number_departed_car,number_arrived_car,avg_wait_sec,avg_speed_mps,std_queue,avg_queue
0,0,0,0,0,0.0,0.0,0.0,0.0
1,30,26,1,0,0.5,6.4803849796406885,0.6959705453537527,0.625
2,60,43,0,1,8.906976744186046,4.353455258948806,1.8708286933869707,2.5
3,90,57,1,1,15.385964912280702,3.44147888889165,3.2572035551988456,4.125
4,120,70,0,0,16.52857142857143,4.70627194886016,4.4651427748729375,4.25
5,150,74,2,1,14.027027027027026,4.837344700603029,3.929058411375428,4.75
6,180,78,1,1,13.346153846153847,4.912344222284165,3.082207001484488,4.5
7,210,81,0,1,18.580246913580247,3.627618019154856,4.621620386834038,6.125
8,240,84,0,2,23.38095238095238,4.2418489839307965,5.448623679425842,5.75
9,270,91,2,1,39.07692307692308,2.276321279259133,6.324555320336759,8.5
10,300,102,1,1,27.19607843137255,3.8576110000869144,6.5752851649187045,6.625
11,330,104,1,1,17.98076923076923,3.561187681579408,5.9107952087684446,7.25
12,360,110,0,1,18.0,3.4827315504613323,5.744562646538029,8.0
13,390,113,1,0,21.398230088495577,3.2789564387975214,6.722164829874376,8.75
14,420,117,0,1,30.35042735042735,2.875443339227235,7.838207703295441,9.75
15,450,110,1,2,24.572727272727274,3.2837680909244784,5.8081300777444715,7.625
16,480,113,1,1,39.26548672566372,1.9421730000422126,6.707039212648156,10.625
17,510,129,1,1,28.713178294573645,2.97764688662233,7.431983248097374,9.375
18,540,133,0,1,27.842105263157894,2.9128157697131942,8.78564169540279,10.75
19,570,139,0,1,20.58992805755396,2.3988292828839533,5.406882188470542,10.375
20,600,140,1,2,23.1,2.6295150406834558,6.85109480302236,10.75
21,630,146,2,2,24.643835616438356,2.4360905258887464,7.92148975887743,12.0
22,660,146,2,0,42.58904109589041,1.5343399655584844,7.227335262736882,14.625
23,690,154,1,2,41.01298701298701,2.2748653477004313,8.302860952707807,13.75
24,720,152,1,1,24.04605263157895,2.249934488330381,6.53356717268599,11.75
25,750,154,1,0,20.876623376623378,2.382202824051836,8.04673846971554,12.5
26,780,152,0,0,44.51973684210526,0.9279206638148253,10.087120500916008,17.0
27,810,145,0,1,50.255172413793105,2.0565986089595643,10.594072635205027,13.625
28,840,135,0,0,43.56296296296296,2.720549445397908,9.260129588726068,11.0
29,870,131,1,0,17.572519083969464,2.532114714946235,7.647507763971214,9.625
30,900,132,1,2,20.696969696969695,2.7635094262370163,7.3484692283495345,9.5
31,930,137,1,2,32.5985401459854,1.561152073173391,9.202581159652981,14.25
32,960,139,0,2,32.35971223021583,2.6341084398235024,9.733158531535382,11.625
33,990,139,1,0,25.27338129496403,2.627851874615819,7.532222447591415,10.625
34,1020,138,1,2,18.615942028985508,2.784381781793664,7.192661190407901,10.625
35,1050,143,0,1,29.454545454545453,2.4926768985783667,8.425222548989433,11.375
36,1080,144,1,1,36.145833333333336,2.1655268365815554,7.7852023095100105,12.875
37,1110,145,0,1,28.579310344827586,2.4878932389753587,7.933315826311215,11.75
38,1140,148,1,1,26.256756756756758,2.5771370829701796,7.952986860293433,12.0
39,1170,152,1,1,25.782894736842106,2.2058085207575537,8.313204857333902,12.875
40,1200,153,1,1,28.34640522875817,2.3653248703700354,8.212033852828421,12.25
41,1230,153,0,2,25.745098039215687,2.5569410759480875,8.027297179001161,11.75
42,1260,157,0,1,23.910828025477706,2.2380526345903546,7.398268378478845,13.625
43,1290,156,1,1,36.743589743589745,1.9226090964008307,8.680977767509832,14.875
44,1320,153,0,1,28.869281045751634,2.307405716623844,9.192388155425117,12.5
45,1350,148,0,2,24.41891891891892,2.4802468097254913,7.270445309607934,12.125
46,1380,157,0,1,25.286624203821656,2.290479002857884,8.752678161568607,12.875
47,1410,155,2,1,33.05806451612903,2.1685978412746922,8.154753215150045,13.5
48,1440,157,0,2,28.171974522292995,1.9552711397898475,8.366600265340756,13.5
49,1470,154,2,1,26.253246753246753,2.4332715100590945,7.920503456220444,12.625
50,1500,150,1,1,26.6,2.5583029524693597,8.601417034419386,12.625
51,1530,146,1,1,29.356164383561644,2.279025960446669,7.854139036202504,12.75
52,1560,144,0,2,27.5,2.4598344591611694,7.016721100343094,11.375
53,1590,143,3,1,28.041958041958043,2.3943366075729564,7.297259759663212,12.5
54,1620,152,0,0,26.361842105263158,2.6695156010147927,8.645808232895291,12.5
55,1650,155,0,1,32.25806451612903,2.5161319013997225,7.261843774138907,12.625
56,1680,159,0,1,25.0,2.059481518846528,7.904705876881189,12.625
57,1710,151,0,2,25.596026490066226,2.3458437911883916,7.801241888314962,12.875
58,1740,153,1,1,31.483660130718953,2.3574365046727745,8.396427811873332,13.0
59,1770,151,0,2,28.072847682119207,2.512928409792237,8.0156097709407,12.5
60,1800,157,0,1,36.0,2.152013811497436,8.166241485530538,13.75
61,1830,149,0,0,30.221476510067113,2.1927201179572795,7.330373455697875,12.625
62,1860,142,0,1,26.35211267605634,2.501682211700602,7.069962871189636,11.625
63,1890,150,2,2,37.053333333333335,2.330166244308506,8.351646544245034,12.5
64,1920,149,1,1,30.335570469798657,2.545573413633866,7.648529270389178,12.5
65,1950,152,2,1,26.105263157894736,2.4596520075757464,7.3484692283495345,12.5
66,1980,156,1,0,31.993589743589745,2.1230078789514875,8.176758220713145,13.125
67,2010,157,1,2,28.840764331210192,2.1471102554638253,9.0,14.0
68,2040,151,0,0,36.66887417218543,2.3777216960779817,8.089344843681719,12.75
69,2070,148,1,2,26.97972972972973,2.2898660132756077,7.270445309607934,12.125
70,2100,154,1,1,25.5,2.3807614764957896,7.101936355670896,12.75
71,2130,150,1,2,31.88,2.1531993443560125,9.171116344262568,14.125
72,2160,142,0,2,30.598591549295776,2.627617967641947,7.406711483512774,11.125
73,2190,140,1,2,26.09285714285714,2.652914625090194,6.576473218982953,11.0
74,2220,147,1,1,25.06122448979592,2.3848063561833004,7.9833811759178825,12.375
75,2250,148,0,1,32.2972972972973,2.122529426067212,9.578622030334008,13.5
76,2280,141,0,1,28.75886524822695,2.6147274618571736,7.901740314639554,11.25
77,2310,141,0,2,23.78723404255319,2.5443094231353336,6.910137480542627,11.0
78,2340,143,1,2,28.202797202797203,2.03905289032747,8.5,13.0
79,2370,143,1,2,31.321678321678323,2.0598285042109734,8.912771734987944,12.75
80,2400,140,0,1,27.042857142857144,2.682717493130436,6.527585694573454,10.875
81,2430,147,2,0,22.918367346938776,2.605390637524148,7.490619133289317,12.125
82,2460,152,0,0,28.75,2.2311253031653573,7.745966692414834,13.0
83,2490,146,0,2,29.86986301369863,2.3287798483685958,8.0,12.5
84,2520,148,1,1,29.027027027027028,2.3648979733978375,8.528445051707843,12.375
85,2550,147,2,1,27.217687074829932,2.5210250881143104,7.937253933193772,12.5
86,2580,145,2,1,41.62758620689655,2.42870012821656,8.902246907382429,13.0
87,2610,144,0,2,38.958333333333336,2.1277526964589737,8.1967981553775,12.75
88,2640,150,1,1,25.426666666666666,2.4153587228498394,7.720710783341129,11.875
89,2670,144,0,1,22.381944444444443,2.6931539562717406,7.416198487095663,10.5
90,2700,145,0,1,24.875862068965517,2.288809073302584,9.470348462437906,12.75
91,2730,139,0,0,30.654676258992804,2.464018112274217,8.120190884455857,10.75
92,2760,138,1,1,28.268115942028984,2.285285315017443,7.648529270389178,12.0
93,2790,144,0,2,28.131944444444443,2.150284474278779,9.346623721965061,12.875
94,2820,148,0,2,32.554054054054056,2.4049238810542493,9.743587634952538,11.75
95,2850,148,1,2,25.135135135135137,2.502369346292987,7.416198487095663,12.0
96,2880,155,0,1,22.61935483870968,2.0703512009677136,7.227335262736882,12.625
97,2910,162,0,0,28.808641975308642,2.2780481430081108,8.388049534903809,13.875
98,2940,152,1,1,29.861842105263158,2.4487857797056467,8.214887400323878,13.375
99,2970,147,0,1,28.517006802721088,2.4017586931479835,8.52936105461599,12.5
100,3000,143,0,1,28.517482517482517,2.4013449631871726,8.550402037331343,12.125
101,3030,141,2,0,26.085106382978722,2.577639404676167,8.261355820929152,11.5
102,3060,139,0,2,29.402877697841728,2.2253966581643874,8.336666000266533,12.5
103,3090,137,0,1,28.32846715328467,2.459363477904533,9.041570660012562,11.5
104,3120,137,2,1,30.35036496350365,2.2903650764661045,8.59869176095992,12.25
105,3150,138,1,2,26.702898550724637,1.9605596793129088,8.85914075968996,12.375
106,3180,131,0,0,31.572519083969464,2.622822051605406,9.300537618869138,10.0
107,3210,129,1,1,25.844961240310077,2.6235437541390394,9.150648884095597,10.625
108,3240,133,1,1,31.338345864661655,2.1768999887739784,7.628073151196179,10.75
109,3270,141,1,0,23.609929078014183,1.4530122173228535,7.968688725254614,13.0
110,3300,139,1,1,26.93525179856115,2.0161081971565715,9.273618495495704,13.0
111,3330,121,1,1,57.239669421487605,0.9964532303888132,9.324028099485759,13.75
112,3360,117,0,1,60.05128205128205,2.209601463336941,8.272696053887149,10.75
113,3390,112,0,0,54.955357142857146,2.8397768267137864,7.00780814520489,9.125
114,3420,109,1,0,33.06422018348624,3.088116294356187,6.590713163232034,8.25
115,3450,112,0,0,20.535714285714285,2.5526350610779893,7.8888766627448295,9.375
116,3480,118,2,1,29.550847457627118,2.0419509434412375,7.959860237466485,11.125
117,3510,124,0,1,25.35483870967742,2.4314607477806685,8.627716963368698,9.75
118,3540,131,0,1,25.938931297709924,2.339305136601375,7.901740314639554,11.25
119,3570,133,0,2,21.56390977443609,2.832272639382107,7.952986860293433,10.0
120,3600,131,1,2,24.671755725190838,2.1893791140423517,7.5,10.5
121,3630,139,0,1,25.820143884892087,2.4271445393285727,9.202581159652981,11.75
122,3660,141,1,1,31.74468085106383,2.0571005713594896,9.558209821927953,13.125
123,3690,134,0,0,26.902985074626866,2.8259492145677036,8.37779804005802,10.25
124,3720,138,1,1,18.920289855072465,2.272906868324358,7.712611425451175,10.625
125,3750,138,0,0,28.8768115942029,2.544841773016654,9.536115561380326,11.25
126,3780,125,0,1,31.872,2.4334808470962015,7.905694150420948,11.0
127,3810,117,0,1,32.15384615384615,2.7123301621427447,7.241374178980119,9.75
128,3840,115,1,1,28.94782608695652,2.485003141057577,6.836254456937659,9.375
129,3870,120,0,1,22.766666666666666,3.0868847857689414,8.351646544245034,8.5
130,3900,123,0,2,25.317073170731707,2.3469419955095505,8.276472678623424,11.0
131,3930,121,0,0,34.892561983471076,2.4304467085203774,8.402938474129154,10.125
132,3960,115,0,2,26.878260869565217,3.0286143684137063,8.373134120507087,8.875
133,3990,117,0,1,23.71794871794872,2.5864825239786406,7.794228634059948,9.5
134,4020,124,1,2,31.467741935483872,2.4871163513450556,8.771402396424417,10.25
135,4050,123,0,0,53.983739837398375,1.3385253782847333,8.99652710772329,12.75
136,4080,130,1,1,40.3,2.775995630510069,9.379998667377304,10.375
137,4110,137,0,0,27.905109489051096,2.814925204453389,9.447221813845593,10.5
138,4140,128,1,0,45.859375,1.5234759145434675,8.789197915623474,13.0
139,4170,132,0,0,29.901515151515152,2.7501071377475066,8.305683295190107,10.375
140,4200,130,1,1,24.638461538461538,2.82164406880501,7.423568885650621,10.125
141,4230,129,1,2,22.131782945736433,2.939461988252967,6.800735254367722,10.0
142,4260,134,1,1,24.402985074626866,2.9391419132916643,6.905613658466566,10.25
143,4290,141,1,0,28.588652482269502,2.456486183417359,8.469614808242461,12.625
144,4320,141,0,1,26.99290780141844,2.5713458636672084,8.481597726843686,10.75
145,4350,144,2,1,24.71527777777778,2.5477274312540548,8.506431390424542,11.875
146,4380,147,2,1,21.64625850340136,2.5590789487915306,7.729812416870153,11.5
147,4410,154,1,2,31.38961038961039,1.8067943183551582,9.460443964212251,15.0
148,4440,158,2,1,29.841772151898734,2.2348830337736243,9.707439157676962,13.375
149,4470,154,1,1,27.40909090909091,2.2717974250136597,8.594147718069546,12.875
150,4500,148,0,1,23.60810810810811,2.3268147276598214,6.383572667401852,12.5
151,4530,150,0,2,31.553333333333335,2.025309189297365,9.134412953222554,14.25
152,4560,144,0,2,30.375,2.499747753002178,8.816709987291178,11.625
153,4590,143,0,2,26.818181818181817,2.4175941876348683,8.802520945729126,11.375
154,4620,139,1,1,21.899280575539567,2.6663630312542606,6.422616289332565,11.0
155,4650,142,1,1,23.971830985915492,2.652022620351616,6.239991987174342,11.25
156,4680,148,0,2,29.41216216216216,2.196612109914573,8.123076695439973,13.625
157,4710,152,0,0,29.355263157894736,2.3846296913409533,9.287087810503355,12.5
158,4740,146,0,2,26.595890410958905,2.5224976972767124,7.280109889280518,11.5
159,4770,153,2,2,22.326797385620914,2.4260442665177497,6.855654600401044,12.5
160,4800,156,0,0,29.75,2.255388674896565,7.920503456220444,13.375
161,4830,152,1,2,46.046052631578945,2.0873814324538302,8.888194417315589,14.0
162,4860,144,0,2,40.236111111111114,2.1303115265586854,9.76921184128996,12.75
163,4890,137,1,1,27.014598540145986,2.913591307667086,7.545694136393285,10.75
164,4920,145,1,0,23.124137931034483,2.3650362570738874,8.011710179481033,12.25
165,4950,151,1,1,28.834437086092716,2.434608473300199,9.051933495115836,12.25
166,4980,145,1,0,31.310344827586206,2.4848728050832523,7.858116822750856,12.5
167,5010,143,1,1,41.75524475524475,2.3340324334443348,8.831760866327848,13.0
168,5040,135,1,0,29.118518518518517,2.659846772125234,7.809249323718638,10.625
169,5070,140,1,1,25.464285714285715,2.7114138701555146,8.440971508067067,11.5
170,5100,136,0,1,22.264705882352942,2.690426236933799,6.85109480302236,10.25
171,5130,141,3,1,30.19148936170213,2.131442475009798,8.874119674649425,13.0
172,5160,145,0,0,26.76551724137931,2.5352210300910114,8.073877630977572,11.25
173,5190,143,1,1,28.90909090909091,2.4436176702826256,8.774074025217704,12.375
174,5220,134,1,2,24.47761194029851,2.630784866920214,6.837397165588672,10.5
175,5250,137,1,1,28.94160583941606,2.4279713694438376,8.717797887081348,12.0
176,5280,132,1,0,45.00757575757576,2.6264690662739527,9.56229574945264,11.75
177,5310,122,0,0,31.40983606557377,2.9238544023114756,7.361215932167728,9.25
178,5340,119,0,0,19.672268907563026,3.147749981623964,5.431390245600108,8.0
179,5370,123,1,1,27.227642276422763,3.2104434596698024,6.009107670860957,9.125
180,5400,133,2,1,31.661654135338345,2.1522396633495644,8.099961419661208,12.125
181,5430,143,0,1,30.888111888111887,2.9404409998047982,9.694553883495619,11.625
182,5460,149,2,0,37.68456375838926,2.692487392503937,8.954747344286158,12.25
183,5490,150,0,1,20.80666666666667,2.0518687523970165,5.861687043846677,12.125
184,5520,145,1,1,34.144827586206894,1.5564681531154732,6.152997237119484,11.125
185,5550,158,2,0,32.68354430379747,2.387167009280412,7.77717011515114,12.625
186,5580,158,0,1,54.537974683544306,1.4419880828955205,9.616879691459179,16.375
187,5610,149,0,2,51.73154362416108,2.3036505524659243,10.481382303875764,13.125
188,5640,143,0,1,35.46153846153846,2.5001467702852693,8.936407275857563,11.875
189,5670,138,0,1,20.92753623188406,2.5705653015108116,8.053531833922307,10.875
190,5700,139,0,0,29.37410071942446,2.6405895746688697,7.745966692414834,11.0
191,5730,145,1,1,39.53793103448276,1.9884142217643117,10.17886904326802,14.125
192,5760,137,0,1,31.18978102189781,2.781277753419022,8.350711047569542,10.625
193,5790,142,2,1,46.78169014084507,1.8315354771390036,9.019943181639228,14.125
194,5820,146,0,0,30.643835616438356,2.3744219231718695,9.54921462739214,11.75
195,5850,145,2,2,22.06206896551724,2.7147668984789224,7.790218225441442,10.25
196,5880,147,1,0,18.238095238095237,2.7500739249820985,7.952004464284461,11.625
197,5910,151,0,2,23.582781456953644,2.4360395756622104,5.925316447245666,11.875
198,5940,159,0,1,26.19496855345912,2.3395950963428924,8.335728822364604,12.625
199,5970,159,0,0,49.0377358490566,1.1166298372365473,10.172727018847993,17.375
200,6000,146,0,1,47.30821917808219,2.1834660563442787,11.573136999102706,12.75
201,6030,137,1,1,40.67153284671533,2.752771677325758,8.968695557326049,11.75
202,6060,134,1,1,20.28358208955224,2.653734142767703,6.552671211040578,9.75
203,6090,136,1,1,28.433823529411764,2.5998979435585743,7.355907489902249,11.125
204,6120,145,1,2,23.317241379310346,2.7227730235149967,7.880950133074057,11.125
205,6150,151,0,1,28.75496688741722,2.229262551082503,8.809618323173826,12.875
206,6180,150,0,0,24.9,2.3694106519261466,8.04673846971554,12.0
207,6210,152,0,1,29.401315789473685,2.5111342109552304,8.1967981553775,12.75
208,6240,150,0,1,29.8,2.332087621552016,7.590083991630133,13.125
209,6270,159,2,2,29.32075471698113,2.216503161699007,9.386659416427124,13.875
210,6300,150,1,1,29.453333333333333,2.3089889959806147,8.39270516579726,12.75
211,6330,146,0,1,45.08904109589041,1.9534854073889096,9.259285879591364,13.625
212,6360,140,0,1,34.56428571428572,2.4186889619845617,9.759610647971568,11.5
213,6390,137,1,2,30.284671532846716,2.325125574154696,8.53577032258952,12.125
214,6420,141,0,2,19.929078014184398,2.4329367401824307,6.556247020971678,10.375
215,6450,144,2,2,19.28472222222222,2.814244239764227,6.94172168845741,10.25
216,6480,148,0,2,25.527027027027028,2.155220184138365,9.065732182234372,13.25
217,6510,147,1,1,30.591836734693878,2.249903686998131,8.305683295190107,11.625
218,6540,147,2,1,26.27891156462585,2.510175224212827,8.045767520877048,11.375
219,6570,151,0,1,22.596026490066226,2.4868876264416993,7.253232038202004,12.125
220,6600,155,1,1,27.303225806451614,2.1885441721015146,7.833222516946649,13.875
221,6630,153,0,1,26.281045751633986,2.223668840498346,8.108637370113428,12.5
222,6660,138,0,1,51.31159420289855,1.4860416985023377,9.439776215567825,14.875
223,6690,121,0,1,71.0909090909091,2.209939995670681,11.20267825120404,11.5
224,6720,99,0,1,54.505050505050505,3.3584018213368383,7.975548570474635,6.875
225,6750,90,0,1,13.444444444444445,3.807657174614525,6.223694642252301,5.625
226,6780,81,1,1,20.098765432098766,4.711948853622752,3.570714214271425,5.0
227,6810,72,0,0,28.694444444444443,1.8882760911674907,4.2130748865881795,7.0
228,6840,73,0,2,33.75342465753425,3.896360465848792,5.766281297335398,5.5
229,6870,66,0,0,32.60606060606061,5.6018938816285,3.8709656418005056,3.375
230,6900,54,0,2,15.944444444444445,4.038461252814012,3.887077951366553,3.875
231,6930,50,0,2,17.9,4.76233282025436,5.4184292004233106,3.125
232,6960,43,1,2,2.7209302325581395,7.895169231197681,1.964529205687714,1.125
233,6990,38,0,0,18.736842105263158,1.6065763726483229,3.6742346141747673,3.5
234,7020,50,0,0,35.54,0.8191328596992968,5.521265706339444,5.375
235,7050,59,0,2,27.1864406779661,4.8270523812666095,6.144102863722254,3.5
236,7080,50,0,2,3.98,6.9322140667354395,2.384848003542364,1.25
237,7110,32,1,1,18.53125,4.244121891251836,3.832427429188973,2.25
238,7140,38,0,0,32.76315789473684,2.473451222160744,5.973901572674261,3.25
239,7170,49,1,1,2.061224489795918,6.850266642778239,1.7320508075688772,1.0
240,7200,40,0,0,7.9,5.271910436314988,4.470388685561916,2.375
241,7230,38,1,2,3.4473684210526314,7.158700109889247,2.394655507583502,1.375
242,7260,34,0,0,4.205882352941177,8.104848808702654,2.29128784747792,1.0
243,7290,28,0,1,2.8214285714285716,7.501001606695782,1.5360257159305635,0.875
244,7320,26,0,0,4.076923076923077,7.28097862524461,1.3919410907075054,0.75
245,7350,26,0,0,2.076923076923077,8.525508980983144,0.8660254037844386,0.5
246,7380,23,0,2,3.652173913043478,6.6680855031545265,1.3919410907075054,0.75
247,7410,26,0,1,2.576923076923077,8.263090353927995,1.1110243021644486,0.625
248,7440,24,1,2,3.8333333333333335,6.999061438514597,1.6583123951777,1.0
249,7470,25,1,0,3.48,6.971318957907004,1.5360257159305635,0.875
250,7500,24,0,2,5.041666666666667,5.228068567697901,1.964529205687714,1.125
251,7530,28,1,1,1.5714285714285714,8.406111946376315,1.0,0.5
252,7560,22,1,2,2.6363636363636362,7.0216654547526645,1.0897247358851685,0.75
253,7590,24,1,1,2.7083333333333335,7.252570886769429,1.3919410907075054,0.75
254,7620,25,0,1,5.24,6.057466372650931,2.0879116360612584,1.125
255,7650,27,0,1,2.2962962962962963,7.698972695523984,1.299038105676658,0.75
256,7680,25,1,1,3.08,8.796986022325681,0.8569568250501305,0.625
257,7710,24,0,0,3.2916666666666665,7.293515487961616,1.1110243021644486,0.625
258,7740,25,0,2,4.88,6.673655428771989,1.8027756377319946,1.0
259,7770,27,0,2,2.2962962962962963,8.485447093777415,1.1110243021644486,0.625
260,7800,23,0,2,3.217391304347826,6.644822262611617,1.6393596310755,0.75
261,7830,25,0,0,14.44,4.853766354268827,2.7838821814150108,1.5
262,7860,31,1,2,2.6129032258064515,7.979729522140127,1.5360257159305635,0.875
263,7890,25,0,2,4.0,7.055589781055602,1.3919410907075054,0.75
264,7920,28,0,0,16.714285714285715,2.238831806321562,3.07967124868873,2.375
265,7950,37,0,1,6.135135135135135,7.949154666191271,1.5360257159305635,0.875
266,7980,29,0,1,4.413793103448276,7.467362857632766,1.5360257159305635,0.875
267,8010,25,1,1,0.96,8.85433660719501,0.9921567416492215,0.375
268,8040,23,0,1,4.565217391304348,6.06500853948338,1.7320508075688772,1.0
269,8070,26,0,0,3.5,7.403314279350159,1.299038105676658,0.75
270,8100,26,0,2,3.5,6.570652264571944,1.6909686573085854,0.875
271,8130,28,0,0,15.535714285714286,4.8890354211905676,3.191786333700926,1.75
272,8160,32,0,1,2.4375,8.253672134463837,1.1110243021644486,0.625
273,8190,30,1,0,14.733333333333333,2.343238786628006,2.9154759474226504,2.5
274,8220,39,0,1,8.948717948717949,6.782418889467576,2.8256636388643286,1.625
275,8250,34,1,1,2.264705882352941,8.004514940083272,1.6393596310755,0.75
276,8280,27,0,0,5.148148148148148,6.587123179437781,2.0879116360612584,1.125
277,8310,27,0,2,3.8518518518518516,6.527430658372969,1.8027756377319946,1.0
278,8340,26,0,1,1.1923076923076923,8.947629361702937,0.9921567416492215,0.375
279,8370,20,0,2,2.3,7.122520161669938,0.8660254037844386,0.5
280,8400,25,2,0,1.72,7.432428930219101,0.82915619758885,0.75
281,8430,28,0,0,14.0,2.393422234042488,2.8695600708122493,2.375
282,8460,38,1,1,7.7631578947368425,7.083371567195682,2.598076211353316,1.5
283,8490,30,0,0,1.9666666666666666,8.89047584007019,1.1110243021644486,0.625
284,8520,25,1,0,3.6,5.808147027766646,2.0879116360612584,1.125
285,8550,28,0,1,2.4642857142857144,7.759311274577592,1.299038105676658,0.75
286,8580,25,0,1,3.0,8.016769189835692,1.299038105676658,0.75
287,8610,30,1,0,15.333333333333334,2.154673927993534,2.9553976043842223,2.625
288,8640,38,0,2,11.447368421052632,7.501869398231903,2.394655507583502,1.375
289,8670,30,2,1,2.966666666666667,7.787031504717393,1.7320508075688772,1.0
290,8700,25,0,1,4.04,7.6735128295134905,1.299038105676658,0.75
291,8730,25,0,1,5.92,5.927178735402609,1.964529205687714,1.125
292,8760,28,1,0,2.75,8.499278563938303,1.0897247358851685,0.75
293,8790,24,1,2,3.5416666666666665,7.896158717083213,1.1110243021644486,0.625
294,8820,22,0,2,3.727272727272727,7.051835365491429,1.299038105676658,0.75
295,8850,25,0,2,1.72,7.9668754413352145,0.6959705453537527,0.375
296,8880,23,1,1,3.869565217391304,6.241485513407261,1.5,1.0
297,8910,25,0,1,3.52,7.08965952663525,1.984313483298443,0.75
298,8940,25,0,2,4.2,6.507801055387648,1.6583123951777,1.0
299,8970,26,0,2,3.423076923076923,7.338450748415611,1.3919410907075054,0.75
300,9000,25,1,1,2.8,7.678826712783074,1.0897247358851685,0.75
301,9030,24,0,1,4.375,6.851549185599417,1.5360257159305635,0.875
302,9060,26,1,1,3.730769230769231,6.455133632408518,1.7633419974582356,1.125
303,9090,26,1,2,3.8076923076923075,7.599719024680922,1.5360257159305635,0.875
304,9120,25,1,0,2.0,9.150861160743569,0.7071067811865476,0.5
305,9150,22,0,1,5.181818181818182,6.63691894301441,1.299038105676658,0.75
306,9180,26,0,0,2.6538461538461537,7.5840008967989565,1.299038105676658,0.75
307,9210,25,1,2,4.52,6.663947223580191,2.0879116360612584,1.125
308,9240,25,1,0,1.84,8.280261461272815,1.3169567191065923,0.625
309,9270,23,0,2,3.739130434782609,6.37926141389413,1.5360257159305635,0.875
310,9300,28,1,1,2.0714285714285716,8.442347409540071,0.8569568250501305,0.625
311,9330,22,0,2,3.227272727272727,7.503746939124508,1.653594569415369,0.625
312,9360,28,0,0,14.75,2.4569766939845694,2.384848003542364,2.25
313,9390,37,1,1,12.945945945945946,6.3965929654252625,3.018174116912409,1.875
314,9420,35,0,0,29.0,3.0659067505304947,4.715334028465004,2.625
315,9450,44,1,0,42.13636363636363,1.3138540500814728,6.392133837772798,4.125
316,9480,56,0,2,4.410714285714286,5.96469777933662,2.6457513110645907,1.5
317,9510,43,0,1,15.767441860465116,5.294283281169851,3.897114317029974,2.25
318,9540,38,0,1,3.526315789473684,8.181002360316684,1.8027756377319946,1.0
319,9570,29,0,1,5.724137931034483,7.091497937690024,1.964529205687714,1.125
320,9600,27,1,2,3.7037037037037037,7.893255490151374,1.3635890143294642,0.875
321,9630,24,0,1,1.4166666666666667,8.554065095135657,0.8660254037844386,0.5
322,9660,23,1,1,3.347826086956522,7.043068024954898,1.3635890143294642,0.875
323,9690,24,1,1,4.25,6.22529330822143,1.7320508075688772,1.0
324,9720,25,0,2,0.8,9.483443541668434,0.6614378277661477,0.25
325,9750,24,1,1,3.2083333333333335,7.2363640228260016,1.3919410907075054,0.75
326,9780,24,1,1,3.625,5.942851078333792,1.5,1.0
327,9810,27,1,2,3.111111111111111,8.037813777378167,1.299038105676658,0.75
328,9840,23,0,2,3.3043478260869565,8.643398898552984,0.8660254037844386,0.5
329,9870,22,1,2,4.045454545454546,6.63254188298082,1.5360257159305635,0.875
330,9900,24,0,2,4.041666666666667,7.517532767602215,1.299038105676658,0.75
331,9930,25,1,1,2.4,7.71361993934898,1.6393596310755,0.75
332,9960,24,1,1,2.125,8.244742070674064,0.9921567416492215,0.625
333,9990,22,0,3,3.1818181818181817,6.799951698298641,1.3919410907075054,0.75
334,10020,26,1,2,3.6923076923076925,7.006297034754615,1.6583123951777,1.0
335,10050,29,0,0,16.655172413793103,2.155353738218576,3.278719262151,2.5
336,10080,39,0,0,9.0,6.575437887281612,2.8256636388643286,1.625
337,10110,31,0,2,3.2903225806451615,8.33279713220608,1.5360257159305635,0.875
338,10140,26,0,2,4.1923076923076925,7.106440623815796,1.5360257159305635,0.875
339,10170,26,0,1,3.8846153846153846,7.3506287291242565,1.299038105676658,0.75
340,10200,27,1,0,3.111111111111111,7.510898705025495,1.5360257159305635,0.875
341,10230,24,0,2,3.875,6.5220464662736815,1.5360257159305635,0.875
342,10260,25,0,1,3.28,7.686332881589157,1.3919410907075054,0.75
343,10290,25,0,2,2.16,7.3861181381714065,1.3169567191065923,0.625
344,10320,26,1,1,2.6538461538461537,7.3492673594274915,1.964529205687714,0.875
345,10350,26,1,1,1.5384615384615385,9.012820976413016,0.7071067811865476,0.5
346,10380,24,0,0,12.083333333333334,3.071868597143394,2.7271780286589284,1.75
347,10410,34,0,1,9.147058823529411,5.795525780895462,3.314268395890713,1.625
348,10440,32,0,1,2.59375,8.09872482570503,1.299038105676658,0.75
349,10470,27,0,1,5.333333333333333,6.250460450213698,2.0879116360612584,1.125
350,10500,29,2,0,3.413793103448276,8.101263277892008,1.224744871391589,1.0
351,10530,25,0,2,3.68,7.232449095921176,1.299038105676658,0.75
352,10560,26,1,1,3.269230769230769,6.825270773634935,1.6583123951777,1.0
353,10590,26,0,0,2.576923076923077,8.288900955555269,1.0,0.5
354,10620,24,0,1,4.25,6.092655803555604,1.5360257159305635,0.875
355,10650,28,1,0,15.5,3.7589554866056254,3.018174116912409,1.875
356,10680,32,1,1,2.15625,8.286299571466671,1.5360257159305635,0.875
357,10710,25,0,1,4.6,6.2155586238301135,1.7320508075688772,1.0
358,10740,26,0,2,2.3846153846153846,8.850013233797746,0.8660254037844386,0.5
359,10770,22,1,0,3.3181818181818183,7.06367970855021,0.8569568250501305,0.625
360,10800,27,0,0,15.185185185185185,2.485996641729759,2.8613807855648994,2.25
361,10830,37,1,1,10.54054054054054,5.680588358055959,3.4798527267687636,1.875
362,10860,34,0,0,2.3823529411764706,7.777453887358682,1.299038105676658,0.75
363,10890,27,1,1,4.148148148148148,6.789109896195209,1.964529205687714,1.125
364,10920,27,0,1,3.7777777777777777,7.604597243418494,1.5360257159305635,0.875
365,10950,26,1,1,3.6153846153846154,7.087639116094861,1.5360257159305635,0.875
366,10980,26,1,1,5.038461538461538,5.722834184590388,1.920286436967152,1.25
367,11010,27,0,1,2.4444444444444446,7.78159824633281,1.3919410907075054,0.75
368,11040,23,0,1,2.4782608695652173,8.315920767940751,1.0,0.5
369,11070,23,1,2,3.130434782608696,6.938009298984634,1.5360257159305635,0.875
370,11100,24,0,1,5.083333333333333,7.3608933862067945,1.6909686573085854,0.875
371,11130,26,1,2,3.4615384615384617,7.2067592473366195,1.3919410907075054,0.75
372,11160,24,0,2,3.8333333333333335,8.297928134451553,1.3169567191065923,0.625
373,11190,24,0,1,5.125,6.278649125870019,1.8027756377319946,1.0
374,11220,26,0,1,3.3076923076923075,7.5114049977747435,1.3919410907075054,0.75
375,11250,25,1,1,3.48,6.2518994178929885,1.964529205687714,1.125
376,11280,30,0,0,17.166666666666668,2.283127010201801,3.24037034920393,2.5
377,11310,41,2,1,7.341463414634147,6.781340254498683,2.537222891273055,1.75
378,11340,32,0,0,1.25,8.841408145469112,1.0,0.5
379,11370,24,0,1,5.5,6.687874393527044,1.5360257159305635,0.875
380,11400,26,2,1,2.6923076923076925,7.862688961169946,1.299038105676658,0.75
381,11430,24,0,1,2.6666666666666665,7.423839524827759,1.299038105676658,0.75
382,11460,24,0,2,3.5,7.685330903634644,1.3919410907075054,0.75
383,11490,29,0,0,15.689655172413794,1.7294257731559937,3.07967124868873,2.375
384,11520,38,1,2,6.921052631578948,7.161644995769371,2.345207879911715,1.5
385,11550,29,0,1,1.793103448275862,8.240271667604636,1.0,0.5
386,11580,23,0,2,4.478260869565218,7.731051031255337,1.3919410907075054,0.75
387,11610,24,0,2,2.25,7.66942038896076,1.3228756555322954,0.5
388,11640,24,0,0,5.208333333333333,5.726759166233233,1.964529205687714,1.125
389,11670,28,0,1,1.5,7.844229758739805,1.3169567191065923,0.625
390,11700,25,0,1,4.04,6.59310133601068,1.8027756377319946,1.0
391,11730,31,2,0,17.032258064516128,1.9456150180420346,3.059309562630104,2.875
392,11760,40,0,0,9.6,6.8121109255934345,3.031088913245535,1.75
393,11790,35,1,0,3.6285714285714286,7.997725437278949,1.6909686573085854,1.125
394,11820,26,1,2,2.923076923076923,7.307356601019559,1.5360257159305635,0.875
395,11850,25,0,2,2.4,8.297798261976556,1.1110243021644486,0.625
396,11880,26,1,1,3.1153846153846154,6.3448455843833464,2.315032397181517,1.125
397,11910,26,0,1,14.961538461538462,3.8823595952154664,3.3819373146171707,1.75
398,11940,31,0,2,2.3225806451612905,8.15541677824609,1.299038105676658,0.75
399,11970,28,1,1,4.464285714285714,6.638829790224298,1.964529205687714,1.125
400,12000,26,0,1,2.730769230769231,7.736748733907245,1.299038105676658,0.75
401,12030,24,0,2,3.25,6.846325298563087,1.6909686573085854,0.875
402,12060,27,0,0,2.4814814814814814,7.898100376780757,1.1110243021644486,0.625
403,12090,24,0,1,2.9166666666666665,7.450393084823017,1.3919410907075054,0.75
404,12120,25,0,1,4.24,6.19672379914256,1.5360257159305635,0.875
405,12150,30,0,0,17.633333333333333,1.9041003264163165,2.6896793489187516,2.625
406,12180,40,1,2,12.525,5.6043441905170805,3.75624480032918,2.125
407,12210,36,0,0,1.9166666666666667,8.586081816167981,1.1110243021644486,0.625
408,12240,26,1,2,4.538461538461538,6.414387539543701,1.5360257159305635,0.875
409,12270,26,0,1,2.730769230769231,8.467803197181514,1.3228756555322954,0.5
410,12300,23,0,2,5.217391304347826,5.551079789876377,1.964529205687714,1.125
411,12330,28,2,0,16.5,3.6438071009003443,3.4641016151377544,2.0
412,12360,33,0,1,1.393939393939394,8.651329196912965,1.299038105676658,0.75
413,12390,24,0,2,2.0416666666666665,8.581640006680173,1.0,0.5
414,12420,23,0,2,3.6956521739130435,6.488684551399454,1.5360257159305635,0.875
415,12450,25,0,1,4.68,6.582041620985384,2.0879116360612584,1.125
416,12480,30,1,0,3.033333333333333,7.6276663959803255,1.3635890143294642,0.875
417,12510,25,0,1,5.6,5.779129779769064,1.964529205687714,1.125
418,12540,28,1,1,3.857142857142857,7.330482951059717,1.6909686573085854,1.125
419,12570,27,0,2,2.4814814814814814,7.809692229413515,1.299038105676658,0.75
420,12600,25,0,1,4.68,7.52462234134016,1.299038105676658,0.75
421,12630,24,0,0,3.8333333333333335,7.675075524297836,1.1110243021644486,0.625
422,12660,24,1,1,3.2916666666666665,7.0689439890753905,1.2686114456365274,0.875
423,12690,28,0,0,15.75,2.3222739581007446,2.680951323690902,2.25
424,12720,37,0,1,10.64864864864865,6.096302259256235,3.2572035551988456,1.875
425,12750,33,1,1,2.606060606060606,8.205083215090609,1.3635890143294642,0.875
426,12780,26,0,1,3.230769230769231,7.106636187670914,1.5360257159305635,0.875
427,12810,27,1,2,4.851851851851852,5.926585045125051,2.117634293262177,1.375
428,12840,28,0,1,3.8214285714285716,7.521684720670126,1.5360257159305635,0.875
429,12870,24,0,2,1.375,9.11421485501049,0.4330127018922193,0.25
430,12900,22,1,2,3.227272727272727,6.693764900955295,1.3919410907075054,0.75
431,12930,26,0,1,2.6923076923076925,7.239631851375932,1.2686114456365274,0.875
432,12960,25,0,1,3.24,6.821235024660593,1.5360257159305635,0.875
433,12990,26,1,1,4.538461538461538,5.367527558060976,2.1758618981911515,1.375
434,13020,29,0,2,1.0,9.150715796412557,0.6959705453537527,0.375
435,13050,25,0,2,3.56,7.269046760500092,1.1110243021644486,0.625
436,13080,24,0,1,2.0833333333333335,7.900139988485524,1.1110243021644486,0.625
437,13110,23,1,2,4.739130434782608,6.177591646603772,1.6583123951777,1.0
438,13140,26,2,2,3.923076923076923,6.4406550572845145,1.964529205687714,1.125
439,13170,26,1,0,3.230769230769231,8.011187051993963,1.0897247358851685,0.75
440,13200,23,0,1,5.739130434782608,6.136343710544503,1.7320508075688772,1.0
441,13230,27,0,1,3.7037037037037037,6.47911687024554,1.7320508075688772,1.0
442,13260,28,1,0,16.607142857142858,3.4126301056800776,3.4437443284889775,2.125
443,13290,38,0,0,29.473684210526315,1.5685035601008912,4.948168853222372,3.625
444,13320,49,1,1,6.653061224489796,6.566356351967938,3.3330729064933458,1.875
445,13350,39,0,2,7.230769230769231,6.023793478953465,3.774917217635375,2.0
446,13380,34,1,1,2.3529411764705883,6.999917775158247,1.7320508075688772,1.0
447,13410,34,1,0,17.058823529411764,1.6312800336524986,3.278719262151,3.0
448,13440,42,0,1,13.547619047619047,6.034581463084947,4.075460096725276,2.125
449,13470,35,0,2,3.2857142857142856,7.411483093668806,1.8027756377319946,1.0
450,13500,33,1,1,5.575757575757576,6.786291500959328,2.5495097567963922,1.5
451,13530,28,0,1,3.0,7.43573175048617,1.5360257159305635,0.875
452,13560,25,0,2,4.32,6.489502459156606,1.7320508075688772,1.0
453,13590,25,0,1,1.6,9.66436248201465,0.4330127018922193,0.25
454,13620,23,0,0,4.565217391304348,6.480056166709676,1.5360257159305635,0.875
455,13650,25,0,2,3.76,7.623567372134627,1.299038105676658,0.75
456,13680,26,1,1,3.576923076923077,7.6449836361550165,1.0897247358851685,0.75
457,13710,24,0,1,1.5833333333333333,9.042767307835843,0.6959705453537527,0.375
458,13740,22,0,1,3.3636363636363638,7.170238348109141,0.8660254037844386,0.5
459,13770,26,1,0,2.1923076923076925,8.018695390442344,1.1110243021644486,0.625
460,13800,27,0,0,13.296296296296296,2.5288034404615547,2.4206145913796355,2.125
461,13830,35,0,1,11.4,5.478698588770645,3.191786333700926,1.75
462,13860,36,0,0,28.27777777777778,1.4616930525798328,4.948168853222372,3.375
463,13890,46,0,2,6.217391304347826,7.022167374788993,2.6457513110645907,1.5
464,13920,41,0,0,24.073170731707318,1.600323730601422,4.594493987372276,3.875
465,13950,50,0,2,14.22,6.135934767039386,4.58257569495584,2.5
466,13980,44,0,1,3.9545454545454546,6.586942095048442,2.384848003542364,1.25
467,14010,36,0,2,6.638888888888889,6.441067406281156,3.6033838263498934,1.625
468,14040,35,1,0,22.057142857142857,3.0780119745155337,5.018714974971183,2.75
469,14070,41,0,1,1.8780487804878048,7.5863353398365625,1.3169567191065923,0.625
470,14100,34,0,1,7.088235294117647,5.766166538426542,4.2555111326373005,1.875
471,14130,33,0,1,2.0,6.830647392074213,1.3919410907075054,0.75
472,14160,33,1,1,5.484848484848484,6.86947210366372,2.595067436503337,1.375
473,14190,29,0,1,3.3793103448275863,7.663895791755975,1.5360257159305635,0.875
474,14220,25,1,1,2.08,7.444166686875552,1.0897247358851685,0.75
475,14250,23,0,2,4.304347826086956,6.508148636614493,1.5360257159305635,0.875
476,14280,26,1,0,4.230769230769231,6.416434988629321,1.920286436967152,1.25
477,14310,27,0,1,2.8518518518518516,7.740813096645734,1.299038105676658,0.75
478,14340,27,0,1,4.62962962962963,6.9532644770935645,1.8027756377319946,1.0
479,14370,30,0,0,18.466666666666665,1.922752791605088,2.9553976043842223,2.625
480,14400,40,0,1,10.475,6.092301213166063,3.3330729064933458,1.875
481,14430,33,0,2,3.242424242424242,8.048010986860989,1.5360257159305635,0.875
482,14460,27,0,1,3.7037037037037037,6.918446712532953,1.7320508075688772,1.0
483,14490,27,1,2,2.7777777777777777,8.328007612558517,1.3635890143294642,0.875
484,14520,25,0,1,3.76,6.896544429394007,1.5360257159305635,0.875
485,14550,30,1,0,16.6,2.100113807463976,3.4550687402713134,2.75
486,14580,39,0,2,9.282051282051283,6.532495607675032,3.07967124868873,1.625
487,14610,33,0,0,4.303030303030303,7.0025350222689315,2.384848003542364,1.25
488,14640,30,0,2,2.6666666666666665,7.73633936451592,1.3919410907075054,0.75
489,14670,25,0,2,4.68,6.443385302616192,1.7320508075688772,1.0
490,14700,26,0,0,1.8846153846153846,8.93090180832503,0.9921567416492215,0.375
491,14730,23,1,2,2.6956521739130435,6.684265545801509,1.3919410907075054,0.75
492,14760,24,0,2,3.2916666666666665,7.75601044410259,1.3919410907075054,0.75
493,14790,25,0,0,2.04,8.063899819541513,0.8660254037844386,0.5
494,14820,24,1,2,4.291666666666667,6.598200232249799,1.3635890143294642,0.875
495,14850,26,1,2,3.1153846153846154,7.194419674300351,1.3919410907075054,0.75
496,14880,26,0,2,3.6153846153846154,6.8124015079570235,1.7320508075688772,1.0
497,14910,27,1,1,3.037037037037037,7.976028870675583,1.5360257159305635,0.875
498,14940,28,1,0,14.964285714285714,2.409509757707037,2.384848003542364,2.25
499,14970,37,0,1,11.513513513513514,6.543630036549157,2.8256636388643286,1.625
500,15000,33,0,1,2.1818181818181817,7.992465672342702,1.3919410907075054,0.75
501,15030,26,1,1,2.923076923076923,7.249765979426386,1.2686114456365274,0.875
502,15060,25,0,0,4.6,6.198875977068303,1.5360257159305635,0.875
503,15090,30,0,0,17.966666666666665,1.9706639277533833,3.5685256059050494,2.625
504,15120,39,0,2,7.358974358974359,7.157514461271285,3.0,1.5
505,15150,38,1,0,24.31578947368421,1.3193460752091133,4.29934588047996,3.625
506,15180,49,1,1,28.53061224489796,4.472502461911277,6.101997623729462,3.375
507,15210,50,0,0,47.7,1.0916332963900137,7.321842322803735,5.125
508,15240,59,1,2,9.457627118644067,4.960424011958038,4.264680527307995,2.75
509,15270,52,0,0,6.384615384615385,5.764166103758682,5.31360282670807,2.625
510,15300,48,0,0,25.583333333333332,0.8703522171920474,7.327175444876422,4.75
511,15330,57,0,1,9.578947368421053,5.180795008095677,3.6033838263498934,2.375
512,15360,51,1,1,4.235294117647059,5.459892321269892,3.8709656418005056,2.375
513,15390,45,1,1,1.6222222222222222,6.196757178455739,1.3169567191065923,0.625
514,15420,42,1,2,6.619047619047619,5.641713099321157,4.580870550452174,2.375
515,15450,38,0,2,3.4473684210526314,7.032546121217732,1.8027756377319946,1.0
516,15480,33,0,1,6.575757575757576,6.5653715088384015,3.605551275463989,1.5
517,15510,32,1,0,2.1875,7.578718389561316,1.3169567191065923,0.625
518,15540,28,0,1,6.178571428571429,6.406260343787054,2.222048604328897,1.25
519,15570,34,1,0,20.205882352941178,1.895466753006158,3.6206870894900596,3.125
520,15600,43,0,1,9.883720930232558,5.903065933066993,3.2572035551988456,1.875
521,15630,36,1,2,4.055555555555555,7.813209869238313,1.964529205687714,1.125
522,15660,29,0,1,3.4827586206896552,7.684264792764648,1.3919410907075054,0.75
523,15690,25,0,1,3.36,8.213933856136677,1.299038105676658,0.75
524,15720,28,0,0,14.785714285714286,2.3125237316800016,2.384848003542364,2.25
525,15750,38,1,0,10.552631578947368,6.5375781073656665,3.031088913245535,1.75
526,15780,33,1,1,2.0,8.707920666603892,1.299038105676658,0.75
527,15810,24,0,0,3.75,6.874027093018388,1.299038105676658,0.75
528,15840,25,1,2,2.64,7.584750155183486,1.0897247358851685,0.75
529,15870,23,0,2,3.130434782608696,6.379968347421441,1.5360257159305635,0.875
530,15900,29,1,0,15.448275862068966,2.420012040844179,3.082207001484488,2.5
531,15930,41,1,0,9.268292682926829,6.476480569736529,2.595067436503337,1.625
532,15960,30,0,1,2.1333333333333333,9.005059455536859,1.1110243021644486,0.625
533,15990,25,2,1,5.56,5.427283108507234,1.8666480653835098,1.375
534,16020,27,0,1,1.1851851851851851,8.248349834729792,1.1110243021644486,0.625
535,16050,23,0,0,4.130434782608695,6.988122934452115,1.3919410907075054,0.75
536,16080,25,0,0,3.16,7.6660853256147075,1.1110243021644486,0.625
537,16110,24,0,2,2.9583333333333335,7.15291871133061,1.299038105676658,0.75
538,16140,25,1,1,2.88,6.642557846916748,1.5360257159305635,0.875
539,16170,29,0,0,15.827586206896552,2.212128329778101,2.595067436503337,2.375
540,16200,39,0,1,10.820512820512821,6.467217327488317,3.031088913245535,1.75
541,16230,32,0,2,2.75,8.189478230600725,1.3919410907075054,0.75
542,16260,27,1,1,3.8518518518518516,7.5841482299388945,1.3635890143294642,0.875
543,16290,25,0,1,3.72,6.79250820977805,1.5360257159305635,0.875
544,16320,24,0,1,3.2916666666666665,7.026812629529616,1.3919410907075054,0.75
545,16350,27,0,1,3.962962962962963,6.450773091501445,1.7320508075688772,1.0
546,16380,27,1,1,2.925925925925926,7.215221494160693,1.6583123951777,1.0
547,16410,26,0,2,2.8846153846153846,7.805754065276478,1.6393596310755,0.75
548,16440,25,0,1,2.52,8.075554612376926,1.1110243021644486,0.625
549,16470,27,1,0,14.0,2.368737957546761,2.680951323690902,2.25
550,16500,38,0,1,5.973684210526316,7.022589924730101,2.394655507583502,1.375
551,16530,30,1,2,3.3666666666666667,7.783183853369364,1.5,1.0
552,16560,28,1,0,3.2142857142857144,7.589809398221268,1.6909686573085854,0.875
553,16590,25,0,1,3.44,7.852771172224035,1.3919410907075054,0.75
554,16620,25,0,2,4.16,7.288824060198794,1.299038105676658,0.75
555,16650,25,0,2,2.56,8.027059439676377,1.1110243021644486,0.625
556,16680,24,0,0,4.166666666666667,7.041470589612899,1.3919410907075054,0.75
557,16710,26,1,1,2.423076923076923,8.102767422665558,0.8569568250501305,0.625
558,16740,24,1,2,4.333333333333333,6.015272172234017,2.0879116360612584,1.125
559,16770,27,1,2,4.407407407407407,6.870916322408987,1.7633419974582356,1.125
560,16800,27,0,1,1.8888888888888888,8.628771609658818,0.8660254037844386,0.5
561,16830,26,0,0,13.115384615384615,2.5519168127510485,2.449489742783178,2.0
562,16860,35,0,1,7.3428571428571425,7.31178975558134,2.165063509461097,1.25
563,16890,28,0,2,2.5714285714285716,7.7058762357995345,1.299038105676658,0.75
564,16920,26,1,1,3.6538461538461537,7.737482199423076,1.3635890143294642,0.875
565,16950,28,1,0,15.821428571428571,2.589393432463998,2.912795049432761,2.375
566,16980,38,0,0,7.315789473684211,7.105790025364979,2.222048604328897,1.25
567,17010,29,1,2,2.6206896551724137,8.081537349525492,1.5,1.0
568,17040,29,1,0,15.03448275862069,2.150515045301362,2.496873044429772,2.375
569,17070,38,0,1,11.657894736842104,6.317833313900889,3.2572035551988456,1.875
570,17100,35,1,0,2.942857142857143,8.440013070378619,1.3635890143294642,0.875
571,17130,26,1,1,1.8076923076923077,8.25434594723919,1.3169567191065923,0.625
572,17160,23,0,0,1.826086956521739,8.890916742544768,0.6959705453537527,0.375
573,17190,22,1,1,3.227272727272727,6.7737699911161195,1.5360257159305635,0.875
574,17220,26,0,0,13.846153846153847,4.310224165716618,2.8256636388643286,1.625
575,17250,32,0,1,2.9375,7.903324097461359,1.5360257159305635,0.875
576,17280,27,1,1,2.1481481481481484,8.431180472063026,0.8660254037844386,0.5
577,17310,23,1,2,3.4347826086956523,7.035320494621714,1.299038105676658,0.75
578,17340,24,0,2,3.375,7.002665836205069,1.3919410907075054,0.75
579,17370,28,1,0,13.5,4.938428788620269,2.912795049432761,1.625
580,17400,31,0,1,3.967741935483871,7.074750059137337,1.8027756377319946,1.0
581,17430,26,0,2,2.4615384615384617,8.147338068236106,1.1110243021644486,0.625
582,17460,26,2,2,3.6153846153846154,6.361778181666921,1.6393596310755,1.25
583,17490,26,0,1,2.5384615384615383,7.936482336003246,1.3919410907075054,0.75
584,17520,25,0,1,4.28,6.137547018861648,1.964529205687714,1.125
585,17550,27,1,1,3.8518518518518516,7.126884174678513,1.8027756377319946,1.0
586,17580,25,0,2,5.56,6.245534702239405,1.7320508075688772,1.0
587,17610,24,1,1,4.5,6.3334715411171745,1.964529205687714,1.125
588,17640,16,0,1,1.0625,9.649934552231107,0.6614378277661477,0.25
589,17670,12,1,1,4.0,5.664419640134812,1.653594569415369,0.625
590,17700,13,0,0,2.769230769230769,9.007816848106938,0.6614378277661477,0.25
591,17730,11,0,0,5.909090909090909,5.337494798548777,1.3228756555322954,0.5
592,17760,15,1,0,18.0,2.3611991572787714,3.307189138830738,1.25
593,17790,20,0,0,32.1,1.4503535882355194,4.58257569495584,2.0
594,17820,25,1,0,5.28,7.107215498214391,1.6393596310755,0.75
595,17850,22,0,0,22.681818181818183,1.228944003815811,3.6890886408434267,2.125
596,17880,27,1,1,23.48148148148148,5.674343185954293,3.9350190596742984,1.625
597,17910,21,0,0,49.23809523809524,2.706976864952748,4.960783708246107,1.875
598,17940,24,0,1,2.9166666666666665,7.315864556732737,1.3228756555322954,0.5
599,17970,17,1,1,15.588235294117647,4.869883426541739,2.9764702249476644,1.125
600,18000,17,0,1,2.588235294117647,8.453658245974214,1.3228756555322954,0.5
601,18030,13,0,1,3.3076923076923075,8.046160258466976,0.6614378277661477,0.25
602,18060,10,0,0,3.3,8.547698638752113,0.9921567416492215,0.375
603,18090,4,0,1,15.25,3.372914418601431,0.9921567416492215,0.375
604,18120,2,0,0,0.0,11.243023193774683,0.0,0.0
605,18150,0,0,0,0.0,0.0,0.0,0.0
606,18180,0,0,0,0.0,0.0,0.0,0.0
607,18210,0,0,0,0.0,0.0,0.0,0.0
608,18240,0,0,0,0.0,0.0,0.0,0.0
609,18270,0,0,0,0.0,0.0,0.0,0.0
610,18300,0,0,0,0.0,0.0,0.0,0.0
611,18330,0,0,0,0.0,0.0,0.0,0.0
612,18360,0,0,0,0.0,0.0,0.0,0.0
613,18390,0,0,0,0.0,0.0,0.0,0.0
614,18420,0,0,0,0.0,0.0,0.0,0.0
615,18450,0,0,0,0.0,0.0,0.0,0.0
616,18480,0,0,0,0.0,0.0,0.0,0.0
617,18510,0,0,0,0.0,0.0,0.0,0.0
618,18540,0,0,0,0.0,0.0,0.0,0.0
619,18570,0,0,0,0.0,0.0,0.0,0.0
620,18600,0,0,0,0.0,0.0,0.0,0.0
621,18630,0,0,0,0.0,0.0,0.0,0.0
622,18660,0,0,0,0.0,0.0,0.0,0.0
623,18690,0,0,0,0.0,0.0,0.0,0.0
624,18720,0,0,0,0.0,0.0,0.0,0.0
625,18750,0,0,0,0.0,0.0,0.0,0.0
626,18780,0,0,0,0.0,0.0,0.0,0.0
627,18810,0,0,0,0.0,0.0,0.0,0.0
628,18840,0,0,0,0.0,0.0,0.0,0.0
629,18870,0,0,0,0.0,0.0,0.0,0.0
630,18900,0,0,0,0.0,0.0,0.0,0.0
631,18930,0,0,0,0.0,0.0,0.0,0.0
632,18960,0,0,0,0.0,0.0,0.0,0.0
633,18990,0,0,0,0.0,0.0,0.0,0.0
634,19020,0,0,0,0.0,0.0,0.0,0.0
635,19050,0,0,0,0.0,0.0,0.0,0.0
636,19080,0,0,0,0.0,0.0,0.0,0.0
637,19110,0,0,0,0.0,0.0,0.0,0.0
638,19140,0,0,0,0.0,0.0,0.0,0.0
639,19170,0,0,0,0.0,0.0,0.0,0.0
640,19200,0,0,0,0.0,0.0,0.0,0.0
641,19230,0,0,0,0.0,0.0,0.0,0.0
642,19260,0,0,0,0.0,0.0,0.0,0.0
643,19290,0,0,0,0.0,0.0,0.0,0.0
644,19320,0,0,0,0.0,0.0,0.0,0.0
645,19350,0,0,0,0.0,0.0,0.0,0.0
646,19380,0,0,0,0.0,0.0,0.0,0.0
647,19410,0,0,0,0.0,0.0,0.0,0.0
648,19440,0,0,0,0.0,0.0,0.0,0.0
649,19470,0,0,0,0.0,0.0,0.0,0.0
650,19500,0,0,0,0.0,0.0,0.0,0.0
651,19530,0,0,0,0.0,0.0,0.0,0.0
652,19560,0,0,0,0.0,0.0,0.0,0.0
653,19590,0,0,0,0.0,0.0,0.0,0.0
654,19620,0,0,0,0.0,0.0,0.0,0.0
655,19650,0,0,0,0.0,0.0,0.0,0.0
656,19680,0,0,0,0.0,0.0,0.0,0.0
657,19710,0,0,0,0.0,0.0,0.0,0.0
658,19740,0,0,0,0.0,0.0,0.0,0.0
659,19770,0,0,0,0.0,0.0,0.0,0.0
660,19800,0,0,0,0.0,0.0,0.0,0.0
661,19830,0,0,0,0.0,0.0,0.0,0.0
662,19860,0,0,0,0.0,0.0,0.0,0.0
663,19890,0,0,0,0.0,0.0,0.0,0.0
664,19920,0,0,0,0.0,0.0,0.0,0.0
665,19950,0,0,0,0.0,0.0,0.0,0.0
666,19980,0,0,0,0.0,0.0,0.0,0.0
667,20010,0,0,0,0.0,0.0,0.0,0.0
668,20040,0,0,0,0.0,0.0,0.0,0.0
669,20070,0,0,0,0.0,0.0,0.0,0.0
670,20100,0,0,0,0.0,0.0,0.0,0.0
671,20130,0,0,0,0.0,0.0,0.0,0.0
672,20160,0,0,0,0.0,0.0,0.0,0.0
673,20190,0,0,0,0.0,0.0,0.0,0.0
674,20220,0,0,0,0.0,0.0,0.0,0.0
675,20250,0,0,0,0.0,0.0,0.0,0.0
676,20280,0,0,0,0.0,0.0,0.0,0.0
677,20310,0,0,0,0.0,0.0,0.0,0.0
678,20340,0,0,0,0.0,0.0,0.0,0.0
679,20370,0,0,0,0.0,0.0,0.0,0.0
680,20400,0,0,0,0.0,0.0,0.0,0.0
681,20430,0,0,0,0.0,0.0,0.0,0.0
682,20460,0,0,0,0.0,0.0,0.0,0.0
683,20490,0,0,0,0.0,0.0,0.0,0.0
684,20520,0,0,0,0.0,0.0,0.0,0.0
685,20550,0,0,0,0.0,0.0,0.0,0.0
686,20580,0,0,0,0.0,0.0,0.0,0.0
687,20610,0,0,0,0.0,0.0,0.0,0.0
688,20640,0,0,0,0.0,0.0,0.0,0.0
689,20670,0,0,0,0.0,0.0,0.0,0.0
690,20700,0,0,0,0.0,0.0,0.0,0.0
691,20730,0,0,0,0.0,0.0,0.0,0.0
692,20760,0,0,0,0.0,0.0,0.0,0.0
693,20790,0,0,0,0.0,0.0,0.0,0.0
694,20820,0,0,0,0.0,0.0,0.0,0.0
695,20850,0,0,0,0.0,0.0,0.0,0.0
696,20880,0,0,0,0.0,0.0,0.0,0.0
697,20910,0,0,0,0.0,0.0,0.0,0.0
698,20940,0,0,0,0.0,0.0,0.0,0.0
699,20970,0,0,0,0.0,0.0,0.0,0.0
700,21000,0,0,0,0.0,0.0,0.0,0.0
701,21030,0,0,0,0.0,0.0,0.0,0.0
702,21060,0,0,0,0.0,0.0,0.0,0.0
703,21090,0,0,0,0.0,0.0,0.0,0.0
704,21120,0,0,0,0.0,0.0,0.0,0.0
705,21150,0,0,0,0.0,0.0,0.0,0.0
706,21180,0,0,0,0.0,0.0,0.0,0.0
707,21210,0,0,0,0.0,0.0,0.0,0.0
708,21240,0,0,0,0.0,0.0,0.0,0.0
709,21270,0,0,0,0.0,0.0,0.0,0.0
710,21300,0,0,0,0.0,0.0,0.0,0.0
711,21330,0,0,0,0.0,0.0,0.0,0.0
712,21360,0,0,0,0.0,0.0,0.0,0.0
713,21390,0,0,0,0.0,0.0,0.0,0.0
714,21420,0,0,0,0.0,0.0,0.0,0.0
715,21450,0,0,0,0.0,0.0,0.0,0.0
716,21480,0,0,0,0.0,0.0,0.0,0.0
717,21510,0,0,0,0.0,0.0,0.0,0.0
718,21540,0,0,0,0.0,0.0,0.0,0.0
719,21570,0,0,0,0.0,0.0,0.0,0.0
720,21600,0,0,0,0.0,0.0,0.0,0.0
721,21630,0,0,0,0.0,0.0,0.0,0.0
722,21660,0,0,0,0.0,0.0,0.0,0.0
723,21690,0,0,0,0.0,0.0,0.0,0.0
724,21720,0,0,0,0.0,0.0,0.0,0.0
725,21750,0,0,0,0.0,0.0,0.0,0.0
726,21780,0,0,0,0.0,0.0,0.0,0.0
727,21810,0,0,0,0.0,0.0,0.0,0.0
728,21840,0,0,0,0.0,0.0,0.0,0.0
729,21870,0,0,0,0.0,0.0,0.0,0.0
730,21900,0,0,0,0.0,0.0,0.0,0.0
731,21930,0,0,0,0.0,0.0,0.0,0.0
732,21960,0,0,0,0.0,0.0,0.0,0.0
733,21990,0,0,0,0.0,0.0,0.0,0.0
734,22020,0,0,0,0.0,0.0,0.0,0.0
735,22050,0,0,0,0.0,0.0,0.0,0.0
736,22080,0,0,0,0.0,0.0,0.0,0.0
737,22110,0,0,0,0.0,0.0,0.0,0.0
738,22140,0,0,0,0.0,0.0,0.0,0.0
739,22170,0,0,0,0.0,0.0,0.0,0.0
740,22200,0,0,0,0.0,0.0,0.0,0.0
741,22230,0,0,0,0.0,0.0,0.0,0.0
742,22260,0,0,0,0.0,0.0,0.0,0.0
743,22290,0,0,0,0.0,0.0,0.0,0.0
744,22320,0,0,0,0.0,0.0,0.0,0.0
745,22350,0,0,0,0.0,0.0,0.0,0.0
746,22380,0,0,0,0.0,0.0,0.0,0.0
747,22410,0,0,0,0.0,0.0,0.0,0.0
748,22440,0,0,0,0.0,0.0,0.0,0.0
749,22470,0,0,0,0.0,0.0,0.0,0.0
750,22500,0,0,0,0.0,0.0,0.0,0.0
751,22530,0,0,0,0.0,0.0,0.0,0.0
752,22560,0,0,0,0.0,0.0,0.0,0.0
753,22590,0,0,0,0.0,0.0,0.0,0.0
754,22620,0,0,0,0.0,0.0,0.0,0.0
755,22650,0,0,0,0.0,0.0,0.0,0.0
756,22680,0,0,0,0.0,0.0,0.0,0.0
757,22710,0,0,0,0.0,0.0,0.0,0.0
758,22740,0,0,0,0.0,0.0,0.0,0.0
759,22770,0,0,0,0.0,0.0,0.0,0.0
760,22800,0,0,0,0.0,0.0,0.0,0.0
761,22830,0,0,0,0.0,0.0,0.0,0.0
762,22860,0,0,0,0.0,0.0,0.0,0.0
763,22890,0,0,0,0.0,0.0,0.0,0.0
764,22920,0,0,0,0.0,0.0,0.0,0.0
765,22950,0,0,0,0.0,0.0,0.0,0.0
766,22980,0,0,0,0.0,0.0,0.0,0.0
767,23010,0,0,0,0.0,0.0,0.0,0.0
768,23040,0,0,0,0.0,0.0,0.0,0.0
769,23070,0,0,0,0.0,0.0,0.0,0.0
770,23100,0,0,0,0.0,0.0,0.0,0.0
771,23130,0,0,0,0.0,0.0,0.0,0.0
772,23160,0,0,0,0.0,0.0,0.0,0.0
773,23190,0,0,0,0.0,0.0,0.0,0.0
774,23220,0,0,0,0.0,0.0,0.0,0.0
775,23250,0,0,0,0.0,0.0,0.0,0.0
776,23280,0,0,0,0.0,0.0,0.0,0.0
777,23310,0,0,0,0.0,0.0,0.0,0.0
778,23340,0,0,0,0.0,0.0,0.0,0.0
779,23370,0,0,0,0.0,0.0,0.0,0.0
780,23400,0,0,0,0.0,0.0,0.0,0.0
781,23430,0,0,0,0.0,0.0,0.0,0.0
782,23460,0,0,0,0.0,0.0,0.0,0.0
783,23490,0,0,0,0.0,0.0,0.0,0.0
784,23520,0,0,0,0.0,0.0,0.0,0.0
785,23550,0,0,0,0.0,0.0,0.0,0.0
786,23580,0,0,0,0.0,0.0,0.0,0.0
787,23610,0,0,0,0.0,0.0,0.0,0.0
788,23640,0,0,0,0.0,0.0,0.0,0.0
789,23670,0,0,0,0.0,0.0,0.0,0.0
790,23700,0,0,0,0.0,0.0,0.0,0.0
791,23730,0,0,0,0.0,0.0,0.0,0.0
792,23760,0,0,0,0.0,0.0,0.0,0.0
793,23790,0,0,0,0.0,0.0,0.0,0.0
794,23820,0,0,0,0.0,0.0,0.0,0.0
795,23850,0,0,0,0.0,0.0,0.0,0.0
796,23880,0,0,0,0.0,0.0,0.0,0.0
797,23910,0,0,0,0.0,0.0,0.0,0.0
798,23940,0,0,0,0.0,0.0,0.0,0.0
799,23970,0,0,0,0.0,0.0,0.0,0.0
800,24000,0,0,0,0.0,0.0,0.0,0.0
801,24030,0,0,0,0.0,0.0,0.0,0.0
802,24060,0,0,0,0.0,0.0,0.0,0.0
803,24090,0,0,0,0.0,0.0,0.0,0.0
804,24120,0,0,0,0.0,0.0,0.0,0.0
805,24150,0,0,0,0.0,0.0,0.0,0.0
806,24180,0,0,0,0.0,0.0,0.0,0.0
807,24210,0,0,0,0.0,0.0,0.0,0.0
808,24240,0,0,0,0.0,0.0,0.0,0.0
809,24270,0,0,0,0.0,0.0,0.0,0.0
810,24300,0,0,0,0.0,0.0,0.0,0.0
811,24330,0,0,0,0.0,0.0,0.0,0.0
812,24360,0,0,0,0.0,0.0,0.0,0.0
813,24390,0,0,0,0.0,0.0,0.0,0.0
814,24420,0,0,0,0.0,0.0,0.0,0.0
815,24450,0,0,0,0.0,0.0,0.0,0.0
816,24480,0,0,0,0.0,0.0,0.0,0.0
817,24510,0,0,0,0.0,0.0,0.0,0.0
818,24540,0,0,0,0.0,0.0,0.0,0.0
819,24570,0,0,0,0.0,0.0,0.0,0.0
820,24600,0,0,0,0.0,0.0,0.0,0.0
821,24630,0,0,0,0.0,0.0,0.0,0.0
822,24660,0,0,0,0.0,0.0,0.0,0.0
823,24690,0,0,0,0.0,0.0,0.0,0.0
824,24720,0,0,0,0.0,0.0,0.0,0.0
825,24750,0,0,0,0.0,0.0,0.0,0.0
826,24780,0,0,0,0.0,0.0,0.0,0.0
827,24810,0,0,0,0.0,0.0,0.0,0.0
828,24840,0,0,0,0.0,0.0,0.0,0.0
829,24870,0,0,0,0.0,0.0,0.0,0.0
830,24900,0,0,0,0.0,0.0,0.0,0.0
831,24930,0,0,0,0.0,0.0,0.0,0.0
832,24960,0,0,0,0.0,0.0,0.0,0.0
833,24990,0,0,0,0.0,0.0,0.0,0.0
834,25020,0,0,0,0.0,0.0,0.0,0.0
835,25050,0,0,0,0.0,0.0,0.0,0.0
836,25080,0,0,0,0.0,0.0,0.0,0.0
837,25110,0,0,0,0.0,0.0,0.0,0.0
838,25140,0,0,0,0.0,0.0,0.0,0.0
839,25170,0,0,0,0.0,0.0,0.0,0.0
840,25200,0,0,0,0.0,0.0,0.0,0.0
841,25230,0,0,0,0.0,0.0,0.0,0.0
842,25260,0,0,0,0.0,0.0,0.0,0.0
843,25290,0,0,0,0.0,0.0,0.0,0.0
844,25320,0,0,0,0.0,0.0,0.0,0.0
845,25350,0,0,0,0.0,0.0,0.0,0.0
846,25380,0,0,0,0.0,0.0,0.0,0.0
847,25410,0,0,0,0.0,0.0,0.0,0.0
848,25440,0,0,0,0.0,0.0,0.0,0.0
849,25470,0,0,0,0.0,0.0,0.0,0.0
850,25500,0,0,0,0.0,0.0,0.0,0.0
851,25530,0,0,0,0.0,0.0,0.0,0.0
852,25560,0,0,0,0.0,0.0,0.0,0.0
853,25590,0,0,0,0.0,0.0,0.0,0.0
854,25620,0,0,0,0.0,0.0,0.0,0.0
855,25650,0,0,0,0.0,0.0,0.0,0.0
856,25680,0,0,0,0.0,0.0,0.0,0.0
857,25710,0,0,0,0.0,0.0,0.0,0.0
858,25740,0,0,0,0.0,0.0,0.0,0.0
859,25770,0,0,0,0.0,0.0,0.0,0.0
860,25800,0,0,0,0.0,0.0,0.0,0.0
861,25830,0,0,0,0.0,0.0,0.0,0.0
862,25860,0,0,0,0.0,0.0,0.0,0.0
863,25890,0,0,0,0.0,0.0,0.0,0.0
864,25920,0,0,0,0.0,0.0,0.0,0.0
865,25950,0,0,0,0.0,0.0,0.0,0.0
866,25980,0,0,0,0.0,0.0,0.0,0.0
867,26010,0,0,0,0.0,0.0,0.0,0.0
868,26040,0,0,0,0.0,0.0,0.0,0.0
869,26070,0,0,0,0.0,0.0,0.0,0.0
870,26100,0,0,0,0.0,0.0,0.0,0.0
871,26130,0,0,0,0.0,0.0,0.0,0.0
872,26160,0,0,0,0.0,0.0,0.0,0.0
873,26190,0,0,0,0.0,0.0,0.0,0.0
874,26220,0,0,0,0.0,0.0,0.0,0.0
875,26250,0,0,0,0.0,0.0,0.0,0.0
876,26280,0,0,0,0.0,0.0,0.0,0.0
877,26310,0,0,0,0.0,0.0,0.0,0.0
878,26340,0,0,0,0.0,0.0,0.0,0.0
879,26370,0,0,0,0.0,0.0,0.0,0.0
880,26400,0,0,0,0.0,0.0,0.0,0.0
881,26430,0,0,0,0.0,0.0,0.0,0.0
882,26460,0,0,0,0.0,0.0,0.0,0.0
883,26490,0,0,0,0.0,0.0,0.0,0.0
884,26520,0,0,0,0.0,0.0,0.0,0.0
885,26550,0,0,0,0.0,0.0,0.0,0.0
886,26580,0,0,0,0.0,0.0,0.0,0.0
887,26610,0,0,0,0.0,0.0,0.0,0.0
888,26640,0,0,0,0.0,0.0,0.0,0.0
889,26670,0,0,0,0.0,0.0,0.0,0.0
890,26700,0,0,0,0.0,0.0,0.0,0.0
891,26730,0,0,0,0.0,0.0,0.0,0.0
892,26760,0,0,0,0.0,0.0,0.0,0.0
893,26790,0,0,0,0.0,0.0,0.0,0.0
894,26820,0,0,0,0.0,0.0,0.0,0.0
895,26850,0,0,0,0.0,0.0,0.0,0.0
896,26880,0,0,0,0.0,0.0,0.0,0.0
897,26910,0,0,0,0.0,0.0,0.0,0.0
898,26940,0,0,0,0.0,0.0,0.0,0.0
899,26970,0,0,0,0.0,0.0,0.0,0.0
900,27000,0,0,0,0.0,0.0,0.0,0.0
901,27030,0,0,0,0.0,0.0,0.0,0.0
902,27060,0,0,0,0.0,0.0,0.0,0.0
903,27090,0,0,0,0.0,0.0,0.0,0.0
904,27120,0,0,0,0.0,0.0,0.0,0.0
905,27150,0,0,0,0.0,0.0,0.0,0.0
906,27180,0,0,0,0.0,0.0,0.0,0.0
907,27210,0,0,0,0.0,0.0,0.0,0.0
908,27240,0,0,0,0.0,0.0,0.0,0.0
909,27270,0,0,0,0.0,0.0,0.0,0.0
910,27300,0,0,0,0.0,0.0,0.0,0.0
911,27330,0,0,0,0.0,0.0,0.0,0.0
912,27360,0,0,0,0.0,0.0,0.0,0.0
913,27390,0,0,0,0.0,0.0,0.0,0.0
914,27420,0,0,0,0.0,0.0,0.0,0.0
915,27450,0,0,0,0.0,0.0,0.0,0.0
916,27480,0,0,0,0.0,0.0,0.0,0.0
917,27510,0,0,0,0.0,0.0,0.0,0.0
918,27540,0,0,0,0.0,0.0,0.0,0.0
919,27570,0,0,0,0.0,0.0,0.0,0.0
920,27600,0,0,0,0.0,0.0,0.0,0.0
921,27630,0,0,0,0.0,0.0,0.0,0.0
922,27660,0,0,0,0.0,0.0,0.0,0.0
923,27690,0,0,0,0.0,0.0,0.0,0.0
924,27720,0,0,0,0.0,0.0,0.0,0.0
925,27750,0,0,0,0.0,0.0,0.0,0.0
926,27780,0,0,0,0.0,0.0,0.0,0.0
927,27810,0,0,0,0.0,0.0,0.0,0.0
928,27840,0,0,0,0.0,0.0,0.0,0.0
929,27870,0,0,0,0.0,0.0,0.0,0.0
930,27900,0,0,0,0.0,0.0,0.0,0.0
931,27930,0,0,0,0.0,0.0,0.0,0.0
932,27960,0,0,0,0.0,0.0,0.0,0.0
933,27990,0,0,0,0.0,0.0,0.0,0.0
934,28020,0,0,0,0.0,0.0,0.0,0.0
935,28050,0,0,0,0.0,0.0,0.0,0.0
936,28080,0,0,0,0.0,0.0,0.0,0.0
937,28110,0,0,0,0.0,0.0,0.0,0.0
938,28140,0,0,0,0.0,0.0,0.0,0.0
939,28170,0,0,0,0.0,0.0,0.0,0.0
940,28200,0,0,0,0.0,0.0,0.0,0.0
941,28230,0,0,0,0.0,0.0,0.0,0.0
942,28260,0,0,0,0.0,0.0,0.0,0.0
943,28290,0,0,0,0.0,0.0,0.0,0.0
944,28320,0,0,0,0.0,0.0,0.0,0.0
945,28350,0,0,0,0.0,0.0,0.0,0.0
946,28380,0,0,0,0.0,0.0,0.0,0.0
947,28410,0,0,0,0.0,0.0,0.0,0.0
948,28440,0,0,0,0.0,0.0,0.0,0.0
949,28470,0,0,0,0.0,0.0,0.0,0.0
950,28500,0,0,0,0.0,0.0,0.0,0.0
951,28530,0,0,0,0.0,0.0,0.0,0.0
952,28560,0,0,0,0.0,0.0,0.0,0.0
953,28590,0,0,0,0.0,0.0,0.0,0.0
954,28620,0,0,0,0.0,0.0,0.0,0.0
955,28650,0,0,0,0.0,0.0,0.0,0.0
956,28680,0,0,0,0.0,0.0,0.0,0.0
957,28710,0,0,0,0.0,0.0,0.0,0.0
958,28740,0,0,0,0.0,0.0,0.0,0.0
959,28770,0,0,0,0.0,0.0,0.0,0.0
960,28800,0,0,0,0.0,0.0,0.0,0.0
961,28830,0,0,0,0.0,0.0,0.0,0.0
962,28860,0,0,0,0.0,0.0,0.0,0.0
963,28890,0,0,0,0.0,0.0,0.0,0.0
964,28920,0,0,0,0.0,0.0,0.0,0.0
965,28950,0,0,0,0.0,0.0,0.0,0.0
966,28980,0,0,0,0.0,0.0,0.0,0.0
967,29010,0,0,0,0.0,0.0,0.0,0.0
968,29040,0,0,0,0.0,0.0,0.0,0.0
969,29070,0,0,0,0.0,0.0,0.0,0.0
970,29100,0,0,0,0.0,0.0,0.0,0.0
971,29130,0,0,0,0.0,0.0,0.0,0.0
972,29160,0,0,0,0.0,0.0,0.0,0.0
973,29190,0,0,0,0.0,0.0,0.0,0.0
974,29220,0,0,0,0.0,0.0,0.0,0.0
975,29250,0,0,0,0.0,0.0,0.0,0.0
976,29280,0,0,0,0.0,0.0,0.0,0.0
977,29310,0,0,0,0.0,0.0,0.0,0.0
978,29340,0,0,0,0.0,0.0,0.0,0.0
979,29370,0,0,0,0.0,0.0,0.0,0.0
980,29400,0,0,0,0.0,0.0,0.0,0.0
981,29430,0,0,0,0.0,0.0,0.0,0.0
982,29460,0,0,0,0.0,0.0,0.0,0.0
983,29490,0,0,0,0.0,0.0,0.0,0.0
984,29520,0,0,0,0.0,0.0,0.0,0.0
985,29550,0,0,0,0.0,0.0,0.0,0.0
986,29580,0,0,0,0.0,0.0,0.0,0.0
987,29610,0,0,0,0.0,0.0,0.0,0.0
988,29640,0,0,0,0.0,0.0,0.0,0.0
989,29670,0,0,0,0.0,0.0,0.0,0.0
990,29700,0,0,0,0.0,0.0,0.0,0.0
991,29730,0,0,0,0.0,0.0,0.0,0.0
992,29760,0,0,0,0.0,0.0,0.0,0.0
993,29790,0,0,0,0.0,0.0,0.0,0.0
994,29820,0,0,0,0.0,0.0,0.0,0.0
995,29850,0,0,0,0.0,0.0,0.0,0.0
996,29880,0,0,0,0.0,0.0,0.0,0.0
997,29910,0,0,0,0.0,0.0,0.0,0.0
998,29940,0,0,0,0.0,0.0,0.0,0.0
999,29970,0,0,0,0.0,0.0,0.0,0.0
1000,30000,0,0,0,0.0,0.0,0.0,0.0
1001,30030,0,0,0,0.0,0.0,0.0,0.0
1002,30060,0,0,0,0.0,0.0,0.0,0.0
1003,30090,0,0,0,0.0,0.0,0.0,0.0
1004,30120,0,0,0,0.0,0.0,0.0,0.0
1005,30150,0,0,0,0.0,0.0,0.0,0.0
1006,30180,0,0,0,0.0,0.0,0.0,0.0
1007,30210,0,0,0,0.0,0.0,0.0,0.0
1008,30240,0,0,0,0.0,0.0,0.0,0.0
1009,30270,0,0,0,0.0,0.0,0.0,0.0
1010,30300,0,0,0,0.0,0.0,0.0,0.0
1011,30330,0,0,0,0.0,0.0,0.0,0.0
1012,30360,0,0,0,0.0,0.0,0.0,0.0
1013,30390,0,0,0,0.0,0.0,0.0,0.0
1014,30420,0,0,0,0.0,0.0,0.0,0.0
1015,30450,0,0,0,0.0,0.0,0.0,0.0
1016,30480,0,0,0,0.0,0.0,0.0,0.0
1017,30510,0,0,0,0.0,0.0,0.0,0.0
1018,30540,0,0,0,0.0,0.0,0.0,0.0
1019,30570,0,0,0,0.0,0.0,0.0,0.0
1020,30600,0,0,0,0.0,0.0,0.0,0.0
1021,30630,0,0,0,0.0,0.0,0.0,0.0
1022,30660,0,0,0,0.0,0.0,0.0,0.0
1023,30690,0,0,0,0.0,0.0,0.0,0.0
1024,30720,0,0,0,0.0,0.0,0.0,0.0
1025,30750,0,0,0,0.0,0.0,0.0,0.0
1026,30780,0,0,0,0.0,0.0,0.0,0.0
1027,30810,0,0,0,0.0,0.0,0.0,0.0
1028,30840,0,0,0,0.0,0.0,0.0,0.0
1029,30870,0,0,0,0.0,0.0,0.0,0.0
1030,30900,0,0,0,0.0,0.0,0.0,0.0
1031,30930,0,0,0,0.0,0.0,0.0,0.0
1032,30960,0,0,0,0.0,0.0,0.0,0.0
1033,30990,0,0,0,0.0,0.0,0.0,0.0
1034,31020,0,0,0,0.0,0.0,0.0,0.0
1035,31050,0,0,0,0.0,0.0,0.0,0.0
1036,31080,0,0,0,0.0,0.0,0.0,0.0
1037,31110,0,0,0,0.0,0.0,0.0,0.0
1038,31140,0,0,0,0.0,0.0,0.0,0.0
1039,31170,0,0,0,0.0,0.0,0.0,0.0
1040,31200,0,0,0,0.0,0.0,0.0,0.0
1041,31230,0,0,0,0.0,0.0,0.0,0.0
1042,31260,0,0,0,0.0,0.0,0.0,0.0
1043,31290,0,0,0,0.0,0.0,0.0,0.0
1044,31320,0,0,0,0.0,0.0,0.0,0.0
1045,31350,0,0,0,0.0,0.0,0.0,0.0
1046,31380,0,0,0,0.0,0.0,0.0,0.0
1047,31410,0,0,0,0.0,0.0,0.0,0.0
1048,31440,0,0,0,0.0,0.0,0.0,0.0
1049,31470,0,0,0,0.0,0.0,0.0,0.0
1050,31500,0,0,0,0.0,0.0,0.0,0.0
1051,31530,0,0,0,0.0,0.0,0.0,0.0
1052,31560,0,0,0,0.0,0.0,0.0,0.0
1053,31590,0,0,0,0.0,0.0,0.0,0.0
1054,31620,0,0,0,0.0,0.0,0.0,0.0
1055,31650,0,0,0,0.0,0.0,0.0,0.0
1056,31680,0,0,0,0.0,0.0,0.0,0.0
1057,31710,0,0,0,0.0,0.0,0.0,0.0
1058,31740,0,0,0,0.0,0.0,0.0,0.0
1059,31770,0,0,0,0.0,0.0,0.0,0.0
1060,31800,0,0,0,0.0,0.0,0.0,0.0
1061,31830,0,0,0,0.0,0.0,0.0,0.0
1062,31860,0,0,0,0.0,0.0,0.0,0.0
1063,31890,0,0,0,0.0,0.0,0.0,0.0
1064,31920,0,0,0,0.0,0.0,0.0,0.0
1065,31950,0,0,0,0.0,0.0,0.0,0.0
1066,31980,0,0,0,0.0,0.0,0.0,0.0
1067,32010,0,0,0,0.0,0.0,0.0,0.0
1068,32040,0,0,0,0.0,0.0,0.0,0.0
1069,32070,0,0,0,0.0,0.0,0.0,0.0
1070,32100,0,0,0,0.0,0.0,0.0,0.0
1071,32130,0,0,0,0.0,0.0,0.0,0.0
1072,32160,0,0,0,0.0,0.0,0.0,0.0
1073,32190,0,0,0,0.0,0.0,0.0,0.0
1074,32220,0,0,0,0.0,0.0,0.0,0.0
1075,32250,0,0,0,0.0,0.0,0.0,0.0
1076,32280,0,0,0,0.0,0.0,0.0,0.0
1077,32310,0,0,0,0.0,0.0,0.0,0.0
1078,32340,0,0,0,0.0,0.0,0.0,0.0
1079,32370,0,0,0,0.0,0.0,0.0,0.0
1080,32400,0,0,0,0.0,0.0,0.0,0.0
1081,32430,0,0,0,0.0,0.0,0.0,0.0
1082,32460,0,0,0,0.0,0.0,0.0,0.0
1083,32490,0,0,0,0.0,0.0,0.0,0.0
1084,32520,0,0,0,0.0,0.0,0.0,0.0
1085,32550,0,0,0,0.0,0.0,0.0,0.0
1086,32580,0,0,0,0.0,0.0,0.0,0.0
1087,32610,0,0,0,0.0,0.0,0.0,0.0
1088,32640,0,0,0,0.0,0.0,0.0,0.0
1089,32670,0,0,0,0.0,0.0,0.0,0.0
1090,32700,0,0,0,0.0,0.0,0.0,0.0
1091,32730,0,0,0,0.0,0.0,0.0,0.0
1092,32760,0,0,0,0.0,0.0,0.0,0.0
1093,32790,0,0,0,0.0,0.0,0.0,0.0
1094,32820,0,0,0,0.0,0.0,0.0,0.0
1095,32850,0,0,0,0.0,0.0,0.0,0.0
1096,32880,0,0,0,0.0,0.0,0.0,0.0
1097,32910,0,0,0,0.0,0.0,0.0,0.0
1098,32940,0,0,0,0.0,0.0,0.0,0.0
1099,32970,0,0,0,0.0,0.0,0.0,0.0
1100,33000,0,0,0,0.0,0.0,0.0,0.0
1101,33030,0,0,0,0.0,0.0,0.0,0.0
1102,33060,0,0,0,0.0,0.0,0.0,0.0
1103,33090,0,0,0,0.0,0.0,0.0,0.0
1104,33120,0,0,0,0.0,0.0,0.0,0.0
1105,33150,0,0,0,0.0,0.0,0.0,0.0
1106,33180,0,0,0,0.0,0.0,0.0,0.0
1107,33210,0,0,0,0.0,0.0,0.0,0.0
1108,33240,0,0,0,0.0,0.0,0.0,0.0
1109,33270,0,0,0,0.0,0.0,0.0,0.0
1110,33300,0,0,0,0.0,0.0,0.0,0.0
1111,33330,0,0,0,0.0,0.0,0.0,0.0
1112,33360,0,0,0,0.0,0.0,0.0,0.0
1113,33390,0,0,0,0.0,0.0,0.0,0.0
1114,33420,0,0,0,0.0,0.0,0.0,0.0
1115,33450,0,0,0,0.0,0.0,0.0,0.0
1116,33480,0,0,0,0.0,0.0,0.0,0.0
1117,33510,0,0,0,0.0,0.0,0.0,0.0
1118,33540,0,0,0,0.0,0.0,0.0,0.0
1119,33570,0,0,0,0.0,0.0,0.0,0.0
1120,33600,0,0,0,0.0,0.0,0.0,0.0
1121,33630,0,0,0,0.0,0.0,0.0,0.0
1122,33660,0,0,0,0.0,0.0,0.0,0.0
1123,33690,0,0,0,0.0,0.0,0.0,0.0
1124,33720,0,0,0,0.0,0.0,0.0,0.0
1125,33750,0,0,0,0.0,0.0,0.0,0.0
1126,33780,0,0,0,0.0,0.0,0.0,0.0
1127,33810,0,0,0,0.0,0.0,0.0,0.0
1128,33840,0,0,0,0.0,0.0,0.0,0.0
1129,33870,0,0,0,0.0,0.0,0.0,0.0
1130,33900,0,0,0,0.0,0.0,0.0,0.0
1131,33930,0,0,0,0.0,0.0,0.0,0.0
1132,33960,0,0,0,0.0,0.0,0.0,0.0
1133,33990,0,0,0,0.0,0.0,0.0,0.0
1134,34020,0,0,0,0.0,0.0,0.0,0.0
1135,34050,0,0,0,0.0,0.0,0.0,0.0
1136,34080,0,0,0,0.0,0.0,0.0,0.0
1137,34110,0,0,0,0.0,0.0,0.0,0.0
1138,34140,0,0,0,0.0,0.0,0.0,0.0
1139,34170,0,0,0,0.0,0.0,0.0,0.0
1140,34200,0,0,0,0.0,0.0,0.0,0.0
1141,34230,0,0,0,0.0,0.0,0.0,0.0
1142,34260,0,0,0,0.0,0.0,0.0,0.0
1143,34290,0,0,0,0.0,0.0,0.0,0.0
1144,34320,0,0,0,0.0,0.0,0.0,0.0
1145,34350,0,0,0,0.0,0.0,0.0,0.0
1146,34380,0,0,0,0.0,0.0,0.0,0.0
1147,34410,0,0,0,0.0,0.0,0.0,0.0
1148,34440,0,0,0,0.0,0.0,0.0,0.0
1149,34470,0,0,0,0.0,0.0,0.0,0.0
1150,34500,0,0,0,0.0,0.0,0.0,0.0
1151,34530,0,0,0,0.0,0.0,0.0,0.0
1152,34560,0,0,0,0.0,0.0,0.0,0.0
1153,34590,0,0,0,0.0,0.0,0.0,0.0
1154,34620,0,0,0,0.0,0.0,0.0,0.0
1155,34650,0,0,0,0.0,0.0,0.0,0.0
1156,34680,0,0,0,0.0,0.0,0.0,0.0
1157,34710,0,0,0,0.0,0.0,0.0,0.0
1158,34740,0,0,0,0.0,0.0,0.0,0.0
1159,34770,0,0,0,0.0,0.0,0.0,0.0
1160,34800,0,0,0,0.0,0.0,0.0,0.0
1161,34830,0,0,0,0.0,0.0,0.0,0.0
1162,34860,0,0,0,0.0,0.0,0.0,0.0
1163,34890,0,0,0,0.0,0.0,0.0,0.0
1164,34920,0,0,0,0.0,0.0,0.0,0.0
1165,34950,0,0,0,0.0,0.0,0.0,0.0
1166,34980,0,0,0,0.0,0.0,0.0,0.0
1167,35010,0,0,0,0.0,0.0,0.0,0.0
1168,35040,0,0,0,0.0,0.0,0.0,0.0
1169,35070,0,0,0,0.0,0.0,0.0,0.0
1170,35100,0,0,0,0.0,0.0,0.0,0.0
1171,35130,0,0,0,0.0,0.0,0.0,0.0
1172,35160,0,0,0,0.0,0.0,0.0,0.0
1173,35190,0,0,0,0.0,0.0,0.0,0.0
1174,35220,0,0,0,0.0,0.0,0.0,0.0
1175,35250,0,0,0,0.0,0.0,0.0,0.0
1176,35280,0,0,0,0.0,0.0,0.0,0.0
1177,35310,0,0,0,0.0,0.0,0.0,0.0
1178,35340,0,0,0,0.0,0.0,0.0,0.0
1179,35370,0,0,0,0.0,0.0,0.0,0.0
1180,35400,0,0,0,0.0,0.0,0.0,0.0
1181,35430,0,0,0,0.0,0.0,0.0,0.0
1182,35460,0,0,0,0.0,0.0,0.0,0.0
1183,35490,0,0,0,0.0,0.0,0.0,0.0
1184,35520,0,0,0,0.0,0.0,0.0,0.0
1185,35550,0,0,0,0.0,0.0,0.0,0.0
1186,35580,0,0,0,0.0,0.0,0.0,0.0
1187,35610,0,0,0,0.0,0.0,0.0,0.0
1188,35640,0,0,0,0.0,0.0,0.0,0.0
1189,35670,0,0,0,0.0,0.0,0.0,0.0
1190,35700,0,0,0,0.0,0.0,0.0,0.0
1191,35730,0,0,0,0.0,0.0,0.0,0.0
1192,35760,0,0,0,0.0,0.0,0.0,0.0
1193,35790,0,0,0,0.0,0.0,0.0,0.0
1194,35820,0,0,0,0.0,0.0,0.0,0.0
1195,35850,0,0,0,0.0,0.0,0.0,0.0
1196,35880,0,0,0,0.0,0.0,0.0,0.0
1197,35910,0,0,0,0.0,0.0,0.0,0.0
1198,35940,0,0,0,0.0,0.0,0.0,0.0
1199,35970,0,0,0,0.0,0.0,0.0,0.0
1200,36000,0,0,0,0.0,0.0,0.0,0.0
1201,36030,0,0,0,0.0,0.0,0.0,0.0
1202,36060,0,0,0,0.0,0.0,0.0,0.0
1203,36090,0,0,0,0.0,0.0,0.0,0.0
1204,36120,0,0,0,0.0,0.0,0.0,0.0
1205,36150,0,0,0,0.0,0.0,0.0,0.0
1206,36180,0,0,0,0.0,0.0,0.0,0.0
1207,36210,0,0,0,0.0,0.0,0.0,0.0
1208,36240,0,0,0,0.0,0.0,0.0,0.0
1209,36270,0,0,0,0.0,0.0,0.0,0.0
1210,36300,0,0,0,0.0,0.0,0.0,0.0
1211,36330,0,0,0,0.0,0.0,0.0,0.0
1212,36360,0,0,0,0.0,0.0,0.0,0.0
1213,36390,0,0,0,0.0,0.0,0.0,0.0
1214,36420,0,0,0,0.0,0.0,0.0,0.0
1215,36450,0,0,0,0.0,0.0,0.0,0.0
1216,36480,0,0,0,0.0,0.0,0.0,0.0
1217,36510,0,0,0,0.0,0.0,0.0,0.0
1218,36540,0,0,0,0.0,0.0,0.0,0.0
1219,36570,0,0,0,0.0,0.0,0.0,0.0
1220,36600,0,0,0,0.0,0.0,0.0,0.0
1221,36630,0,0,0,0.0,0.0,0.0,0.0
1222,36660,0,0,0,0.0,0.0,0.0,0.0
1223,36690,0,0,0,0.0,0.0,0.0,0.0
1224,36720,0,0,0,0.0,0.0,0.0,0.0
1225,36750,0,0,0,0.0,0.0,0.0,0.0
1226,36780,0,0,0,0.0,0.0,0.0,0.0
1227,36810,0,0,0,0.0,0.0,0.0,0.0
1228,36840,0,0,0,0.0,0.0,0.0,0.0
1229,36870,0,0,0,0.0,0.0,0.0,0.0
1230,36900,0,0,0,0.0,0.0,0.0,0.0
1231,36930,0,0,0,0.0,0.0,0.0,0.0
1232,36960,0,0,0,0.0,0.0,0.0,0.0
1233,36990,0,0,0,0.0,0.0,0.0,0.0
1234,37020,0,0,0,0.0,0.0,0.0,0.0
1235,37050,0,0,0,0.0,0.0,0.0,0.0
1236,37080,0,0,0,0.0,0.0,0.0,0.0
1237,37110,0,0,0,0.0,0.0,0.0,0.0
1238,37140,0,0,0,0.0,0.0,0.0,0.0
1239,37170,0,0,0,0.0,0.0,0.0,0.0
1240,37200,0,0,0,0.0,0.0,0.0,0.0
1241,37230,0,0,0,0.0,0.0,0.0,0.0
1242,37260,0,0,0,0.0,0.0,0.0,0.0
1243,37290,0,0,0,0.0,0.0,0.0,0.0
1244,37320,0,0,0,0.0,0.0,0.0,0.0
1245,37350,0,0,0,0.0,0.0,0.0,0.0
1246,37380,0,0,0,0.0,0.0,0.0,0.0
1247,37410,0,0,0,0.0,0.0,0.0,0.0
1248,37440,0,0,0,0.0,0.0,0.0,0.0
1249,37470,0,0,0,0.0,0.0,0.0,0.0
1250,37500,0,0,0,0.0,0.0,0.0,0.0
1251,37530,0,0,0,0.0,0.0,0.0,0.0
1252,37560,0,0,0,0.0,0.0,0.0,0.0
1253,37590,0,0,0,0.0,0.0,0.0,0.0
1254,37620,0,0,0,0.0,0.0,0.0,0.0
1255,37650,0,0,0,0.0,0.0,0.0,0.0
1256,37680,0,0,0,0.0,0.0,0.0,0.0
1257,37710,0,0,0,0.0,0.0,0.0,0.0
1258,37740,0,0,0,0.0,0.0,0.0,0.0
1259,37770,0,0,0,0.0,0.0,0.0,0.0
1260,37800,0,0,0,0.0,0.0,0.0,0.0
1261,37830,0,0,0,0.0,0.0,0.0,0.0
1262,37860,0,0,0,0.0,0.0,0.0,0.0
1263,37890,0,0,0,0.0,0.0,0.0,0.0
1264,37920,0,0,0,0.0,0.0,0.0,0.0
1265,37950,0,0,0,0.0,0.0,0.0,0.0
1266,37980,0,0,0,0.0,0.0,0.0,0.0
1267,38010,0,0,0,0.0,0.0,0.0,0.0
1268,38040,0,0,0,0.0,0.0,0.0,0.0
1269,38070,0,0,0,0.0,0.0,0.0,0.0
1270,38100,0,0,0,0.0,0.0,0.0,0.0
1271,38130,0,0,0,0.0,0.0,0.0,0.0
1272,38160,0,0,0,0.0,0.0,0.0,0.0
1273,38190,0,0,0,0.0,0.0,0.0,0.0
1274,38220,0,0,0,0.0,0.0,0.0,0.0
1275,38250,0,0,0,0.0,0.0,0.0,0.0
1276,38280,0,0,0,0.0,0.0,0.0,0.0
1277,38310,0,0,0,0.0,0.0,0.0,0.0
1278,38340,0,0,0,0.0,0.0,0.0,0.0
1279,38370,0,0,0,0.0,0.0,0.0,0.0
1280,38400,0,0,0,0.0,0.0,0.0,0.0
1281,38430,0,0,0,0.0,0.0,0.0,0.0
1282,38460,0,0,0,0.0,0.0,0.0,0.0
1283,38490,0,0,0,0.0,0.0,0.0,0.0
1284,38520,0,0,0,0.0,0.0,0.0,0.0
1285,38550,0,0,0,0.0,0.0,0.0,0.0
1286,38580,0,0,0,0.0,0.0,0.0,0.0
1287,38610,0,0,0,0.0,0.0,0.0,0.0
1288,38640,0,0,0,0.0,0.0,0.0,0.0
1289,38670,0,0,0,0.0,0.0,0.0,0.0
1290,38700,0,0,0,0.0,0.0,0.0,0.0
1291,38730,0,0,0,0.0,0.0,0.0,0.0
1292,38760,0,0,0,0.0,0.0,0.0,0.0
1293,38790,0,0,0,0.0,0.0,0.0,0.0
1294,38820,0,0,0,0.0,0.0,0.0,0.0
1295,38850,0,0,0,0.0,0.0,0.0,0.0
1296,38880,0,0,0,0.0,0.0,0.0,0.0
1297,38910,0,0,0,0.0,0.0,0.0,0.0
1298,38940,0,0,0,0.0,0.0,0.0,0.0
1299,38970,0,0,0,0.0,0.0,0.0,0.0
1300,39000,0,0,0,0.0,0.0,0.0,0.0
1301,39030,0,0,0,0.0,0.0,0.0,0.0
1302,39060,0,0,0,0.0,0.0,0.0,0.0
1303,39090,0,0,0,0.0,0.0,0.0,0.0
1304,39120,0,0,0,0.0,0.0,0.0,0.0
1305,39150,0,0,0,0.0,0.0,0.0,0.0
1306,39180,0,0,0,0.0,0.0,0.0,0.0
1307,39210,0,0,0,0.0,0.0,0.0,0.0
1308,39240,0,0,0,0.0,0.0,0.0,0.0
1309,39270,0,0,0,0.0,0.0,0.0,0.0
1310,39300,0,0,0,0.0,0.0,0.0,0.0
1311,39330,0,0,0,0.0,0.0,0.0,0.0
1312,39360,0,0,0,0.0,0.0,0.0,0.0
1313,39390,0,0,0,0.0,0.0,0.0,0.0
1314,39420,0,0,0,0.0,0.0,0.0,0.0
1315,39450,0,0,0,0.0,0.0,0.0,0.0
1316,39480,0,0,0,0.0,0.0,0.0,0.0
1317,39510,0,0,0,0.0,0.0,0.0,0.0
1318,39540,0,0,0,0.0,0.0,0.0,0.0
1319,39570,0,0,0,0.0,0.0,0.0,0.0
1320,39600,0,0,0,0.0,0.0,0.0,0.0
1321,39630,0,0,0,0.0,0.0,0.0,0.0
1322,39660,0,0,0,0.0,0.0,0.0,0.0
1323,39690,0,0,0,0.0,0.0,0.0,0.0
1324,39720,0,0,0,0.0,0.0,0.0,0.0
1325,39750,0,0,0,0.0,0.0,0.0,0.0
1326,39780,0,0,0,0.0,0.0,0.0,0.0
1327,39810,0,0,0,0.0,0.0,0.0,0.0
1328,39840,0,0,0,0.0,0.0,0.0,0.0
1329,39870,0,0,0,0.0,0.0,0.0,0.0
1330,39900,0,0,0,0.0,0.0,0.0,0.0
1331,39930,0,0,0,0.0,0.0,0.0,0.0
1332,39960,0,0,0,0.0,0.0,0.0,0.0
1333,39990,0,0,0,0.0,0.0,0.0,0.0
1334,40020,0,0,0,0.0,0.0,0.0,0.0
1335,40050,0,0,0,0.0,0.0,0.0,0.0
1336,40080,0,0,0,0.0,0.0,0.0,0.0
1337,40110,0,0,0,0.0,0.0,0.0,0.0
1338,40140,0,0,0,0.0,0.0,0.0,0.0
1339,40170,0,0,0,0.0,0.0,0.0,0.0
1340,40200,0,0,0,0.0,0.0,0.0,0.0
1341,40230,0,0,0,0.0,0.0,0.0,0.0
1342,40260,0,0,0,0.0,0.0,0.0,0.0
1343,40290,0,0,0,0.0,0.0,0.0,0.0
1344,40320,0,0,0,0.0,0.0,0.0,0.0
1345,40350,0,0,0,0.0,0.0,0.0,0.0
1346,40380,0,0,0,0.0,0.0,0.0,0.0
1347,40410,0,0,0,0.0,0.0,0.0,0.0
1348,40440,0,0,0,0.0,0.0,0.0,0.0
1349,40470,0,0,0,0.0,0.0,0.0,0.0
1350,40500,0,0,0,0.0,0.0,0.0,0.0
1351,40530,0,0,0,0.0,0.0,0.0,0.0
1352,40560,0,0,0,0.0,0.0,0.0,0.0
1353,40590,0,0,0,0.0,0.0,0.0,0.0
1354,40620,0,0,0,0.0,0.0,0.0,0.0
1355,40650,0,0,0,0.0,0.0,0.0,0.0
1356,40680,0,0,0,0.0,0.0,0.0,0.0
1357,40710,0,0,0,0.0,0.0,0.0,0.0
1358,40740,0,0,0,0.0,0.0,0.0,0.0
1359,40770,0,0,0,0.0,0.0,0.0,0.0
1360,40800,0,0,0,0.0,0.0,0.0,0.0
1361,40830,0,0,0,0.0,0.0,0.0,0.0
1362,40860,0,0,0,0.0,0.0,0.0,0.0
1363,40890,0,0,0,0.0,0.0,0.0,0.0
1364,40920,0,0,0,0.0,0.0,0.0,0.0
1365,40950,0,0,0,0.0,0.0,0.0,0.0
1366,40980,0,0,0,0.0,0.0,0.0,0.0
1367,41010,0,0,0,0.0,0.0,0.0,0.0
1368,41040,0,0,0,0.0,0.0,0.0,0.0
1369,41070,0,0,0,0.0,0.0,0.0,0.0
1370,41100,0,0,0,0.0,0.0,0.0,0.0
1371,41130,0,0,0,0.0,0.0,0.0,0.0
1372,41160,0,0,0,0.0,0.0,0.0,0.0
1373,41190,0,0,0,0.0,0.0,0.0,0.0
1374,41220,0,0,0,0.0,0.0,0.0,0.0
1375,41250,0,0,0,0.0,0.0,0.0,0.0
1376,41280,0,0,0,0.0,0.0,0.0,0.0
1377,41310,0,0,0,0.0,0.0,0.0,0.0
1378,41340,0,0,0,0.0,0.0,0.0,0.0
1379,41370,0,0,0,0.0,0.0,0.0,0.0
1380,41400,0,0,0,0.0,0.0,0.0,0.0
1381,41430,0,0,0,0.0,0.0,0.0,0.0
1382,41460,0,0,0,0.0,0.0,0.0,0.0
1383,41490,0,0,0,0.0,0.0,0.0,0.0
1384,41520,0,0,0,0.0,0.0,0.0,0.0
1385,41550,0,0,0,0.0,0.0,0.0,0.0
1386,41580,0,0,0,0.0,0.0,0.0,0.0
1387,41610,0,0,0,0.0,0.0,0.0,0.0
1388,41640,0,0,0,0.0,0.0,0.0,0.0
1389,41670,0,0,0,0.0,0.0,0.0,0.0
1390,41700,0,0,0,0.0,0.0,0.0,0.0
1391,41730,0,0,0,0.0,0.0,0.0,0.0
1392,41760,0,0,0,0.0,0.0,0.0,0.0
1393,41790,0,0,0,0.0,0.0,0.0,0.0
1394,41820,0,0,0,0.0,0.0,0.0,0.0
1395,41850,0,0,0,0.0,0.0,0.0,0.0
1396,41880,0,0,0,0.0,0.0,0.0,0.0
1397,41910,0,0,0,0.0,0.0,0.0,0.0
1398,41940,0,0,0,0.0,0.0,0.0,0.0
1399,41970,0,0,0,0.0,0.0,0.0,0.0
1400,42000,0,0,0,0.0,0.0,0.0,0.0
1401,42030,0,0,0,0.0,0.0,0.0,0.0
1402,42060,0,0,0,0.0,0.0,0.0,0.0
1403,42090,0,0,0,0.0,0.0,0.0,0.0
1404,42120,0,0,0,0.0,0.0,0.0,0.0
1405,42150,0,0,0,0.0,0.0,0.0,0.0
1406,42180,0,0,0,0.0,0.0,0.0,0.0
1407,42210,0,0,0,0.0,0.0,0.0,0.0
1408,42240,0,0,0,0.0,0.0,0.0,0.0
1409,42270,0,0,0,0.0,0.0,0.0,0.0
1410,42300,0,0,0,0.0,0.0,0.0,0.0
1411,42330,0,0,0,0.0,0.0,0.0,0.0
1412,42360,0,0,0,0.0,0.0,0.0,0.0
1413,42390,0,0,0,0.0,0.0,0.0,0.0
1414,42420,0,0,0,0.0,0.0,0.0,0.0
1415,42450,0,0,0,0.0,0.0,0.0,0.0
1416,42480,0,0,0,0.0,0.0,0.0,0.0
1417,42510,0,0,0,0.0,0.0,0.0,0.0
1418,42540,0,0,0,0.0,0.0,0.0,0.0
1419,42570,0,0,0,0.0,0.0,0.0,0.0
1420,42600,0,0,0,0.0,0.0,0.0,0.0
1421,42630,0,0,0,0.0,0.0,0.0,0.0
1422,42660,0,0,0,0.0,0.0,0.0,0.0
1423,42690,0,0,0,0.0,0.0,0.0,0.0
1424,42720,0,0,0,0.0,0.0,0.0,0.0
1425,42750,0,0,0,0.0,0.0,0.0,0.0
1426,42780,0,0,0,0.0,0.0,0.0,0.0
1427,42810,0,0,0,0.0,0.0,0.0,0.0
1428,42840,0,0,0,0.0,0.0,0.0,0.0
1429,42870,0,0,0,0.0,0.0,0.0,0.0
1430,42900,0,0,0,0.0,0.0,0.0,0.0
1431,42930,0,0,0,0.0,0.0,0.0,0.0
1432,42960,0,0,0,0.0,0.0,0.0,0.0
1433,42990,0,0,0,0.0,0.0,0.0,0.0
1434,43020,0,0,0,0.0,0.0,0.0,0.0
1435,43050,0,0,0,0.0,0.0,0.0,0.0
1436,43080,0,0,0,0.0,0.0,0.0,0.0
1437,43110,0,0,0,0.0,0.0,0.0,0.0
1438,43140,0,0,0,0.0,0.0,0.0,0.0
1439,43170,0,0,0,0.0,0.0,0.0,0.0
1440,43200,0,0,0,0.0,0.0,0.0,0.0
1441,43230,0,0,0,0.0,0.0,0.0,0.0
1442,43260,0,0,0,0.0,0.0,0.0,0.0
1443,43290,0,0,0,0.0,0.0,0.0,0.0
1444,43320,0,0,0,0.0,0.0,0.0,0.0
1445,43350,0,0,0,0.0,0.0,0.0,0.0
1446,43380,0,0,0,0.0,0.0,0.0,0.0
1447,43410,0,0,0,0.0,0.0,0.0,0.0
1448,43440,0,0,0,0.0,0.0,0.0,0.0
1449,43470,0,0,0,0.0,0.0,0.0,0.0
1450,43500,0,0,0,0.0,0.0,0.0,0.0
1451,43530,0,0,0,0.0,0.0,0.0,0.0
1452,43560,0,0,0,0.0,0.0,0.0,0.0
1453,43590,0,0,0,0.0,0.0,0.0,0.0
1454,43620,0,0,0,0.0,0.0,0.0,0.0
1455,43650,0,0,0,0.0,0.0,0.0,0.0
1456,43680,0,0,0,0.0,0.0,0.0,0.0
1457,43710,0,0,0,0.0,0.0,0.0,0.0
1458,43740,0,0,0,0.0,0.0,0.0,0.0
1459,43770,0,0,0,0.0,0.0,0.0,0.0
1460,43800,0,0,0,0.0,0.0,0.0,0.0
1461,43830,0,0,0,0.0,0.0,0.0,0.0
1462,43860,0,0,0,0.0,0.0,0.0,0.0
1463,43890,0,0,0,0.0,0.0,0.0,0.0
1464,43920,0,0,0,0.0,0.0,0.0,0.0
1465,43950,0,0,0,0.0,0.0,0.0,0.0
1466,43980,0,0,0,0.0,0.0,0.0,0.0
1467,44010,0,0,0,0.0,0.0,0.0,0.0
1468,44040,0,0,0,0.0,0.0,0.0,0.0
1469,44070,0,0,0,0.0,0.0,0.0,0.0
1470,44100,0,0,0,0.0,0.0,0.0,0.0
1471,44130,0,0,0,0.0,0.0,0.0,0.0
1472,44160,0,0,0,0.0,0.0,0.0,0.0
1473,44190,0,0,0,0.0,0.0,0.0,0.0
1474,44220,0,0,0,0.0,0.0,0.0,0.0
1475,44250,0,0,0,0.0,0.0,0.0,0.0
1476,44280,0,0,0,0.0,0.0,0.0,0.0
1477,44310,0,0,0,0.0,0.0,0.0,0.0
1478,44340,0,0,0,0.0,0.0,0.0,0.0
1479,44370,0,0,0,0.0,0.0,0.0,0.0
1480,44400,0,0,0,0.0,0.0,0.0,0.0
1481,44430,0,0,0,0.0,0.0,0.0,0.0
1482,44460,0,0,0,0.0,0.0,0.0,0.0
1483,44490,0,0,0,0.0,0.0,0.0,0.0
1484,44520,0,0,0,0.0,0.0,0.0,0.0
1485,44550,0,0,0,0.0,0.0,0.0,0.0
1486,44580,0,0,0,0.0,0.0,0.0,0.0
1487,44610,0,0,0,0.0,0.0,0.0,0.0
1488,44640,0,0,0,0.0,0.0,0.0,0.0
1489,44670,0,0,0,0.0,0.0,0.0,0.0
1490,44700,0,0,0,0.0,0.0,0.0,0.0
1491,44730,0,0,0,0.0,0.0,0.0,0.0
1492,44760,0,0,0,0.0,0.0,0.0,0.0
1493,44790,0,0,0,0.0,0.0,0.0,0.0
1494,44820,0,0,0,0.0,0.0,0.0,0.0
1495,44850,0,0,0,0.0,0.0,0.0,0.0
1496,44880,0,0,0,0.0,0.0,0.0,0.0
1497,44910,0,0,0,0.0,0.0,0.0,0.0
1498,44940,0,0,0,0.0,0.0,0.0,0.0
1499,44970,0,0,0,0.0,0.0,0.0,0.0
1500,45000,0,0,0,0.0,0.0,0.0,0.0
1501,45030,0,0,0,0.0,0.0,0.0,0.0
1502,45060,0,0,0,0.0,0.0,0.0,0.0
1503,45090,0,0,0,0.0,0.0,0.0,0.0
1504,45120,0,0,0,0.0,0.0,0.0,0.0
1505,45150,0,0,0,0.0,0.0,0.0,0.0
1506,45180,0,0,0,0.0,0.0,0.0,0.0
1507,45210,0,0,0,0.0,0.0,0.0,0.0
1508,45240,0,0,0,0.0,0.0,0.0,0.0
1509,45270,0,0,0,0.0,0.0,0.0,0.0
1510,45300,0,0,0,0.0,0.0,0.0,0.0
1511,45330,0,0,0,0.0,0.0,0.0,0.0
1512,45360,0,0,0,0.0,0.0,0.0,0.0
1513,45390,0,0,0,0.0,0.0,0.0,0.0
1514,45420,0,0,0,0.0,0.0,0.0,0.0
1515,45450,0,0,0,0.0,0.0,0.0,0.0
1516,45480,0,0,0,0.0,0.0,0.0,0.0
1517,45510,0,0,0,0.0,0.0,0.0,0.0
1518,45540,0,0,0,0.0,0.0,0.0,0.0
1519,45570,0,0,0,0.0,0.0,0.0,0.0
1520,45600,0,0,0,0.0,0.0,0.0,0.0
1521,45630,0,0,0,0.0,0.0,0.0,0.0
1522,45660,0,0,0,0.0,0.0,0.0,0.0
1523,45690,0,0,0,0.0,0.0,0.0,0.0
1524,45720,0,0,0,0.0,0.0,0.0,0.0
1525,45750,0,0,0,0.0,0.0,0.0,0.0
1526,45780,0,0,0,0.0,0.0,0.0,0.0
1527,45810,0,0,0,0.0,0.0,0.0,0.0
1528,45840,0,0,0,0.0,0.0,0.0,0.0
1529,45870,0,0,0,0.0,0.0,0.0,0.0
1530,45900,0,0,0,0.0,0.0,0.0,0.0
1531,45930,0,0,0,0.0,0.0,0.0,0.0
1532,45960,0,0,0,0.0,0.0,0.0,0.0
1533,45990,0,0,0,0.0,0.0,0.0,0.0
1534,46020,0,0,0,0.0,0.0,0.0,0.0
1535,46050,0,0,0,0.0,0.0,0.0,0.0
1536,46080,0,0,0,0.0,0.0,0.0,0.0
1537,46110,0,0,0,0.0,0.0,0.0,0.0
1538,46140,0,0,0,0.0,0.0,0.0,0.0
1539,46170,0,0,0,0.0,0.0,0.0,0.0
1540,46200,0,0,0,0.0,0.0,0.0,0.0
1541,46230,0,0,0,0.0,0.0,0.0,0.0
1542,46260,0,0,0,0.0,0.0,0.0,0.0
1543,46290,0,0,0,0.0,0.0,0.0,0.0
1544,46320,0,0,0,0.0,0.0,0.0,0.0
1545,46350,0,0,0,0.0,0.0,0.0,0.0
1546,46380,0,0,0,0.0,0.0,0.0,0.0
1547,46410,0,0,0,0.0,0.0,0.0,0.0
1548,46440,0,0,0,0.0,0.0,0.0,0.0
1549,46470,0,0,0,0.0,0.0,0.0,0.0
1550,46500,0,0,0,0.0,0.0,0.0,0.0
1551,46530,0,0,0,0.0,0.0,0.0,0.0
1552,46560,0,0,0,0.0,0.0,0.0,0.0
1553,46590,0,0,0,0.0,0.0,0.0,0.0
1554,46620,0,0,0,0.0,0.0,0.0,0.0
1555,46650,0,0,0,0.0,0.0,0.0,0.0
1556,46680,0,0,0,0.0,0.0,0.0,0.0
1557,46710,0,0,0,0.0,0.0,0.0,0.0
1558,46740,0,0,0,0.0,0.0,0.0,0.0
1559,46770,0,0,0,0.0,0.0,0.0,0.0
1560,46800,0,0,0,0.0,0.0,0.0,0.0
1561,46830,0,0,0,0.0,0.0,0.0,0.0
1562,46860,0,0,0,0.0,0.0,0.0,0.0
1563,46890,0,0,0,0.0,0.0,0.0,0.0
1564,46920,0,0,0,0.0,0.0,0.0,0.0
1565,46950,0,0,0,0.0,0.0,0.0,0.0
1566,46980,0,0,0,0.0,0.0,0.0,0.0
1567,47010,0,0,0,0.0,0.0,0.0,0.0
1568,47040,0,0,0,0.0,0.0,0.0,0.0
1569,47070,0,0,0,0.0,0.0,0.0,0.0
1570,47100,0,0,0,0.0,0.0,0.0,0.0
1571,47130,0,0,0,0.0,0.0,0.0,0.0
1572,47160,0,0,0,0.0,0.0,0.0,0.0
1573,47190,0,0,0,0.0,0.0,0.0,0.0
1574,47220,0,0,0,0.0,0.0,0.0,0.0
1575,47250,0,0,0,0.0,0.0,0.0,0.0
1576,47280,0,0,0,0.0,0.0,0.0,0.0
1577,47310,0,0,0,0.0,0.0,0.0,0.0
1578,47340,0,0,0,0.0,0.0,0.0,0.0
1579,47370,0,0,0,0.0,0.0,0.0,0.0
1580,47400,0,0,0,0.0,0.0,0.0,0.0
1581,47430,0,0,0,0.0,0.0,0.0,0.0
1582,47460,0,0,0,0.0,0.0,0.0,0.0
1583,47490,0,0,0,0.0,0.0,0.0,0.0
1584,47520,0,0,0,0.0,0.0,0.0,0.0
1585,47550,0,0,0,0.0,0.0,0.0,0.0
1586,47580,0,0,0,0.0,0.0,0.0,0.0
1587,47610,0,0,0,0.0,0.0,0.0,0.0
1588,47640,0,0,0,0.0,0.0,0.0,0.0
1589,47670,0,0,0,0.0,0.0,0.0,0.0
1590,47700,0,0,0,0.0,0.0,0.0,0.0
1591,47730,0,0,0,0.0,0.0,0.0,0.0
1592,47760,0,0,0,0.0,0.0,0.0,0.0
1593,47790,0,0,0,0.0,0.0,0.0,0.0
1594,47820,0,0,0,0.0,0.0,0.0,0.0
1595,47850,0,0,0,0.0,0.0,0.0,0.0
1596,47880,0,0,0,0.0,0.0,0.0,0.0
1597,47910,0,0,0,0.0,0.0,0.0,0.0
1598,47940,0,0,0,0.0,0.0,0.0,0.0
1599,47970,0,0,0,0.0,0.0,0.0,0.0
1600,48000,0,0,0,0.0,0.0,0.0,0.0
1601,48030,0,0,0,0.0,0.0,0.0,0.0
1602,48060,0,0,0,0.0,0.0,0.0,0.0
1603,48090,0,0,0,0.0,0.0,0.0,0.0
1604,48120,0,0,0,0.0,0.0,0.0,0.0
1605,48150,0,0,0,0.0,0.0,0.0,0.0
1606,48180,0,0,0,0.0,0.0,0.0,0.0
1607,48210,0,0,0,0.0,0.0,0.0,0.0
1608,48240,0,0,0,0.0,0.0,0.0,0.0
1609,48270,0,0,0,0.0,0.0,0.0,0.0
1610,48300,0,0,0,0.0,0.0,0.0,0.0
1611,48330,0,0,0,0.0,0.0,0.0,0.0
1612,48360,0,0,0,0.0,0.0,0.0,0.0
1613,48390,0,0,0,0.0,0.0,0.0,0.0
1614,48420,0,0,0,0.0,0.0,0.0,0.0
1615,48450,0,0,0,0.0,0.0,0.0,0.0
1616,48480,0,0,0,0.0,0.0,0.0,0.0
1617,48510,0,0,0,0.0,0.0,0.0,0.0
1618,48540,0,0,0,0.0,0.0,0.0,0.0
1619,48570,0,0,0,0.0,0.0,0.0,0.0
1620,48600,0,0,0,0.0,0.0,0.0,0.0
1621,48630,0,0,0,0.0,0.0,0.0,0.0
1622,48660,0,0,0,0.0,0.0,0.0,0.0
1623,48690,0,0,0,0.0,0.0,0.0,0.0
1624,48720,0,0,0,0.0,0.0,0.0,0.0
1625,48750,0,0,0,0.0,0.0,0.0,0.0
1626,48780,0,0,0,0.0,0.0,0.0,0.0
1627,48810,0,0,0,0.0,0.0,0.0,0.0
1628,48840,0,0,0,0.0,0.0,0.0,0.0
1629,48870,0,0,0,0.0,0.0,0.0,0.0
1630,48900,0,0,0,0.0,0.0,0.0,0.0
1631,48930,0,0,0,0.0,0.0,0.0,0.0
1632,48960,0,0,0,0.0,0.0,0.0,0.0
1633,48990,0,0,0,0.0,0.0,0.0,0.0
1634,49020,0,0,0,0.0,0.0,0.0,0.0
1635,49050,0,0,0,0.0,0.0,0.0,0.0
1636,49080,0,0,0,0.0,0.0,0.0,0.0
1637,49110,0,0,0,0.0,0.0,0.0,0.0
1638,49140,0,0,0,0.0,0.0,0.0,0.0
1639,49170,0,0,0,0.0,0.0,0.0,0.0
1640,49200,0,0,0,0.0,0.0,0.0,0.0
1641,49230,0,0,0,0.0,0.0,0.0,0.0
1642,49260,0,0,0,0.0,0.0,0.0,0.0
1643,49290,0,0,0,0.0,0.0,0.0,0.0
1644,49320,0,0,0,0.0,0.0,0.0,0.0
1645,49350,0,0,0,0.0,0.0,0.0,0.0
1646,49380,0,0,0,0.0,0.0,0.0,0.0
1647,49410,0,0,0,0.0,0.0,0.0,0.0
1648,49440,0,0,0,0.0,0.0,0.0,0.0
1649,49470,0,0,0,0.0,0.0,0.0,0.0
1650,49500,0,0,0,0.0,0.0,0.0,0.0
1651,49530,0,0,0,0.0,0.0,0.0,0.0
1652,49560,0,0,0,0.0,0.0,0.0,0.0
1653,49590,0,0,0,0.0,0.0,0.0,0.0
1654,49620,0,0,0,0.0,0.0,0.0,0.0
1655,49650,0,0,0,0.0,0.0,0.0,0.0
1656,49680,0,0,0,0.0,0.0,0.0,0.0
1657,49710,0,0,0,0.0,0.0,0.0,0.0
1658,49740,0,0,0,0.0,0.0,0.0,0.0
1659,49770,0,0,0,0.0,0.0,0.0,0.0
1660,49800,0,0,0,0.0,0.0,0.0,0.0
1661,49830,0,0,0,0.0,0.0,0.0,0.0
1662,49860,0,0,0,0.0,0.0,0.0,0.0
1663,49890,0,0,0,0.0,0.0,0.0,0.0
1664,49920,0,0,0,0.0,0.0,0.0,0.0
1665,49950,0,0,0,0.0,0.0,0.0,0.0
1666,49980,0,0,0,0.0,0.0,0.0,0.0
1667,50010,0,0,0,0.0,0.0,0.0,0.0
1668,50040,0,0,0,0.0,0.0,0.0,0.0
1669,50070,0,0,0,0.0,0.0,0.0,0.0
1670,50100,0,0,0,0.0,0.0,0.0,0.0
1671,50130,0,0,0,0.0,0.0,0.0,0.0
1672,50160,0,0,0,0.0,0.0,0.0,0.0
1673,50190,0,0,0,0.0,0.0,0.0,0.0
1674,50220,0,0,0,0.0,0.0,0.0,0.0
1675,50250,0,0,0,0.0,0.0,0.0,0.0
1676,50280,0,0,0,0.0,0.0,0.0,0.0
1677,50310,0,0,0,0.0,0.0,0.0,0.0
1678,50340,0,0,0,0.0,0.0,0.0,0.0
1679,50370,0,0,0,0.0,0.0,0.0,0.0
1680,50400,0,0,0,0.0,0.0,0.0,0.0
1681,50430,0,0,0,0.0,0.0,0.0,0.0
1682,50460,0,0,0,0.0,0.0,0.0,0.0
1683,50490,0,0,0,0.0,0.0,0.0,0.0
1684,50520,0,0,0,0.0,0.0,0.0,0.0
1685,50550,0,0,0,0.0,0.0,0.0,0.0
1686,50580,0,0,0,0.0,0.0,0.0,0.0
1687,50610,0,0,0,0.0,0.0,0.0,0.0
1688,50640,0,0,0,0.0,0.0,0.0,0.0
1689,50670,0,0,0,0.0,0.0,0.0,0.0
1690,50700,0,0,0,0.0,0.0,0.0,0.0
1691,50730,0,0,0,0.0,0.0,0.0,0.0
1692,50760,0,0,0,0.0,0.0,0.0,0.0
1693,50790,0,0,0,0.0,0.0,0.0,0.0
1694,50820,0,0,0,0.0,0.0,0.0,0.0
1695,50850,0,0,0,0.0,0.0,0.0,0.0
1696,50880,0,0,0,0.0,0.0,0.0,0.0
1697,50910,0,0,0,0.0,0.0,0.0,0.0
1698,50940,0,0,0,0.0,0.0,0.0,0.0
1699,50970,0,0,0,0.0,0.0,0.0,0.0
1700,51000,0,0,0,0.0,0.0,0.0,0.0
1701,51030,0,0,0,0.0,0.0,0.0,0.0
1702,51060,0,0,0,0.0,0.0,0.0,0.0
1703,51090,0,0,0,0.0,0.0,0.0,0.0
1704,51120,0,0,0,0.0,0.0,0.0,0.0
1705,51150,0,0,0,0.0,0.0,0.0,0.0
1706,51180,0,0,0,0.0,0.0,0.0,0.0
1707,51210,0,0,0,0.0,0.0,0.0,0.0
1708,51240,0,0,0,0.0,0.0,0.0,0.0
1709,51270,0,0,0,0.0,0.0,0.0,0.0
1710,51300,0,0,0,0.0,0.0,0.0,0.0
1711,51330,0,0,0,0.0,0.0,0.0,0.0
1712,51360,0,0,0,0.0,0.0,0.0,0.0
1713,51390,0,0,0,0.0,0.0,0.0,0.0
1714,51420,0,0,0,0.0,0.0,0.0,0.0
1715,51450,0,0,0,0.0,0.0,0.0,0.0
1716,51480,0,0,0,0.0,0.0,0.0,0.0
1717,51510,0,0,0,0.0,0.0,0.0,0.0
1718,51540,0,0,0,0.0,0.0,0.0,0.0
1719,51570,0,0,0,0.0,0.0,0.0,0.0
1720,51600,0,0,0,0.0,0.0,0.0,0.0
1721,51630,0,0,0,0.0,0.0,0.0,0.0
1722,51660,0,0,0,0.0,0.0,0.0,0.0
1723,51690,0,0,0,0.0,0.0,0.0,0.0
1724,51720,0,0,0,0.0,0.0,0.0,0.0
1725,51750,0,0,0,0.0,0.0,0.0,0.0
1726,51780,0,0,0,0.0,0.0,0.0,0.0
1727,51810,0,0,0,0.0,0.0,0.0,0.0
1728,51840,0,0,0,0.0,0.0,0.0,0.0
1729,51870,0,0,0,0.0,0.0,0.0,0.0
1730,51900,0,0,0,0.0,0.0,0.0,0.0
1731,51930,0,0,0,0.0,0.0,0.0,0.0
1732,51960,0,0,0,0.0,0.0,0.0,0.0
1733,51990,0,0,0,0.0,0.0,0.0,0.0
1734,52020,0,0,0,0.0,0.0,0.0,0.0
1735,52050,0,0,0,0.0,0.0,0.0,0.0
1736,52080,0,0,0,0.0,0.0,0.0,0.0
1737,52110,0,0,0,0.0,0.0,0.0,0.0
1738,52140,0,0,0,0.0,0.0,0.0,0.0
1739,52170,0,0,0,0.0,0.0,0.0,0.0
1740,52200,0,0,0,0.0,0.0,0.0,0.0
1741,52230,0,0,0,0.0,0.0,0.0,0.0
1742,52260,0,0,0,0.0,0.0,0.0,0.0
1743,52290,0,0,0,0.0,0.0,0.0,0.0
1744,52320,0,0,0,0.0,0.0,0.0,0.0
1745,52350,0,0,0,0.0,0.0,0.0,0.0
1746,52380,0,0,0,0.0,0.0,0.0,0.0
1747,52410,0,0,0,0.0,0.0,0.0,0.0
1748,52440,0,0,0,0.0,0.0,0.0,0.0
1749,52470,0,0,0,0.0,0.0,0.0,0.0
1750,52500,0,0,0,0.0,0.0,0.0,0.0
1751,52530,0,0,0,0.0,0.0,0.0,0.0
1752,52560,0,0,0,0.0,0.0,0.0,0.0
1753,52590,0,0,0,0.0,0.0,0.0,0.0
1754,52620,0,0,0,0.0,0.0,0.0,0.0
1755,52650,0,0,0,0.0,0.0,0.0,0.0
1756,52680,0,0,0,0.0,0.0,0.0,0.0
1757,52710,0,0,0,0.0,0.0,0.0,0.0
1758,52740,0,0,0,0.0,0.0,0.0,0.0
1759,52770,0,0,0,0.0,0.0,0.0,0.0
1760,52800,0,0,0,0.0,0.0,0.0,0.0
1761,52830,0,0,0,0.0,0.0,0.0,0.0
1762,52860,0,0,0,0.0,0.0,0.0,0.0
1763,52890,0,0,0,0.0,0.0,0.0,0.0
1764,52920,0,0,0,0.0,0.0,0.0,0.0
1765,52950,0,0,0,0.0,0.0,0.0,0.0
1766,52980,0,0,0,0.0,0.0,0.0,0.0
1767,53010,0,0,0,0.0,0.0,0.0,0.0
1768,53040,0,0,0,0.0,0.0,0.0,0.0
1769,53070,0,0,0,0.0,0.0,0.0,0.0
1770,53100,0,0,0,0.0,0.0,0.0,0.0
1771,53130,0,0,0,0.0,0.0,0.0,0.0
1772,53160,0,0,0,0.0,0.0,0.0,0.0
1773,53190,0,0,0,0.0,0.0,0.0,0.0
1774,53220,0,0,0,0.0,0.0,0.0,0.0
1775,53250,0,0,0,0.0,0.0,0.0,0.0
1776,53280,0,0,0,0.0,0.0,0.0,0.0
1777,53310,0,0,0,0.0,0.0,0.0,0.0
1778,53340,0,0,0,0.0,0.0,0.0,0.0
1779,53370,0,0,0,0.0,0.0,0.0,0.0
1780,53400,0,0,0,0.0,0.0,0.0,0.0
1781,53430,0,0,0,0.0,0.0,0.0,0.0
1782,53460,0,0,0,0.0,0.0,0.0,0.0
1783,53490,0,0,0,0.0,0.0,0.0,0.0
1784,53520,0,0,0,0.0,0.0,0.0,0.0
1785,53550,0,0,0,0.0,0.0,0.0,0.0
1786,53580,0,0,0,0.0,0.0,0.0,0.0
1787,53610,0,0,0,0.0,0.0,0.0,0.0
1788,53640,0,0,0,0.0,0.0,0.0,0.0
1789,53670,0,0,0,0.0,0.0,0.0,0.0
1790,53700,0,0,0,0.0,0.0,0.0,0.0
1791,53730,0,0,0,0.0,0.0,0.0,0.0
1792,53760,0,0,0,0.0,0.0,0.0,0.0
1793,53790,0,0,0,0.0,0.0,0.0,0.0
1794,53820,0,0,0,0.0,0.0,0.0,0.0
1795,53850,0,0,0,0.0,0.0,0.0,0.0
1796,53880,0,0,0,0.0,0.0,0.0,0.0
1797,53910,0,0,0,0.0,0.0,0.0,0.0
1798,53940,0,0,0,0.0,0.0,0.0,0.0
1799,53970,0,0,0,0.0,0.0,0.0,0.0
1800,54000,0,0,0,0.0,0.0,0.0,0.0
1801,54030,0,0,0,0.0,0.0,0.0,0.0
1802,54060,0,0,0,0.0,0.0,0.0,0.0
1803,54090,0,0,0,0.0,0.0,0.0,0.0
1804,54120,0,0,0,0.0,0.0,0.0,0.0
1805,54150,0,0,0,0.0,0.0,0.0,0.0
1806,54180,0,0,0,0.0,0.0,0.0,0.0
1807,54210,0,0,0,0.0,0.0,0.0,0.0
1808,54240,0,0,0,0.0,0.0,0.0,0.0
1809,54270,0,0,0,0.0,0.0,0.0,0.0
1810,54300,0,0,0,0.0,0.0,0.0,0.0
1811,54330,0,0,0,0.0,0.0,0.0,0.0
1812,54360,0,0,0,0.0,0.0,0.0,0.0
1813,54390,0,0,0,0.0,0.0,0.0,0.0
1814,54420,0,0,0,0.0,0.0,0.0,0.0
1815,54450,0,0,0,0.0,0.0,0.0,0.0
1816,54480,0,0,0,0.0,0.0,0.0,0.0
1817,54510,0,0,0,0.0,0.0,0.0,0.0
1818,54540,0,0,0,0.0,0.0,0.0,0.0
1819,54570,0,0,0,0.0,0.0,0.0,0.0
1820,54600,0,0,0,0.0,0.0,0.0,0.0
1821,54630,0,0,0,0.0,0.0,0.0,0.0
1822,54660,0,0,0,0.0,0.0,0.0,0.0
1823,54690,0,0,0,0.0,0.0,0.0,0.0
1824,54720,0,0,0,0.0,0.0,0.0,0.0
1825,54750,0,0,0,0.0,0.0,0.0,0.0
1826,54780,0,0,0,0.0,0.0,0.0,0.0
1827,54810,0,0,0,0.0,0.0,0.0,0.0
1828,54840,0,0,0,0.0,0.0,0.0,0.0
1829,54870,0,0,0,0.0,0.0,0.0,0.0
1830,54900,0,0,0,0.0,0.0,0.0,0.0
1831,54930,0,0,0,0.0,0.0,0.0,0.0
1832,54960,0,0,0,0.0,0.0,0.0,0.0
1833,54990,0,0,0,0.0,0.0,0.0,0.0
1834,55020,0,0,0,0.0,0.0,0.0,0.0
1835,55050,0,0,0,0.0,0.0,0.0,0.0
1836,55080,0,0,0,0.0,0.0,0.0,0.0
1837,55110,0,0,0,0.0,0.0,0.0,0.0
1838,55140,0,0,0,0.0,0.0,0.0,0.0
1839,55170,0,0,0,0.0,0.0,0.0,0.0
1840,55200,0,0,0,0.0,0.0,0.0,0.0
1841,55230,0,0,0,0.0,0.0,0.0,0.0
1842,55260,0,0,0,0.0,0.0,0.0,0.0
1843,55290,0,0,0,0.0,0.0,0.0,0.0
1844,55320,0,0,0,0.0,0.0,0.0,0.0
1845,55350,0,0,0,0.0,0.0,0.0,0.0
1846,55380,0,0,0,0.0,0.0,0.0,0.0
1847,55410,0,0,0,0.0,0.0,0.0,0.0
1848,55440,0,0,0,0.0,0.0,0.0,0.0
1849,55470,0,0,0,0.0,0.0,0.0,0.0
1850,55500,0,0,0,0.0,0.0,0.0,0.0
1851,55530,0,0,0,0.0,0.0,0.0,0.0
1852,55560,0,0,0,0.0,0.0,0.0,0.0
1853,55590,0,0,0,0.0,0.0,0.0,0.0
1854,55620,0,0,0,0.0,0.0,0.0,0.0
1855,55650,0,0,0,0.0,0.0,0.0,0.0
1856,55680,0,0,0,0.0,0.0,0.0,0.0
1857,55710,0,0,0,0.0,0.0,0.0,0.0
1858,55740,0,0,0,0.0,0.0,0.0,0.0
1859,55770,0,0,0,0.0,0.0,0.0,0.0
1860,55800,0,0,0,0.0,0.0,0.0,0.0
1861,55830,0,0,0,0.0,0.0,0.0,0.0
1862,55860,0,0,0,0.0,0.0,0.0,0.0
1863,55890,0,0,0,0.0,0.0,0.0,0.0
1864,55920,0,0,0,0.0,0.0,0.0,0.0
1865,55950,0,0,0,0.0,0.0,0.0,0.0
1866,55980,0,0,0,0.0,0.0,0.0,0.0
1867,56010,0,0,0,0.0,0.0,0.0,0.0
1868,56040,0,0,0,0.0,0.0,0.0,0.0
1869,56070,0,0,0,0.0,0.0,0.0,0.0
1870,56100,0,0,0,0.0,0.0,0.0,0.0
1871,56130,0,0,0,0.0,0.0,0.0,0.0
1872,56160,0,0,0,0.0,0.0,0.0,0.0
1873,56190,0,0,0,0.0,0.0,0.0,0.0
1874,56220,0,0,0,0.0,0.0,0.0,0.0
1875,56250,0,0,0,0.0,0.0,0.0,0.0
1876,56280,0,0,0,0.0,0.0,0.0,0.0
1877,56310,0,0,0,0.0,0.0,0.0,0.0
1878,56340,0,0,0,0.0,0.0,0.0,0.0
1879,56370,0,0,0,0.0,0.0,0.0,0.0
1880,56400,0,0,0,0.0,0.0,0.0,0.0
1881,56430,0,0,0,0.0,0.0,0.0,0.0
1882,56460,0,0,0,0.0,0.0,0.0,0.0
1883,56490,0,0,0,0.0,0.0,0.0,0.0
1884,56520,0,0,0,0.0,0.0,0.0,0.0
1885,56550,0,0,0,0.0,0.0,0.0,0.0
1886,56580,0,0,0,0.0,0.0,0.0,0.0
1887,56610,0,0,0,0.0,0.0,0.0,0.0
1888,56640,0,0,0,0.0,0.0,0.0,0.0
1889,56670,0,0,0,0.0,0.0,0.0,0.0
1890,56700,0,0,0,0.0,0.0,0.0,0.0
1891,56730,0,0,0,0.0,0.0,0.0,0.0
1892,56760,0,0,0,0.0,0.0,0.0,0.0
1893,56790,0,0,0,0.0,0.0,0.0,0.0
1894,56820,0,0,0,0.0,0.0,0.0,0.0
1895,56850,0,0,0,0.0,0.0,0.0,0.0
1896,56880,0,0,0,0.0,0.0,0.0,0.0
1897,56910,0,0,0,0.0,0.0,0.0,0.0
1898,56940,0,0,0,0.0,0.0,0.0,0.0
1899,56970,0,0,0,0.0,0.0,0.0,0.0
1900,57000,0,0,0,0.0,0.0,0.0,0.0
1901,57030,0,0,0,0.0,0.0,0.0,0.0
1902,57060,0,0,0,0.0,0.0,0.0,0.0
1903,57090,0,0,0,0.0,0.0,0.0,0.0
1904,57120,0,0,0,0.0,0.0,0.0,0.0
1905,57150,0,0,0,0.0,0.0,0.0,0.0
1906,57180,0,0,0,0.0,0.0,0.0,0.0
1907,57210,0,0,0,0.0,0.0,0.0,0.0
1908,57240,0,0,0,0.0,0.0,0.0,0.0
1909,57270,0,0,0,0.0,0.0,0.0,0.0
1910,57300,0,0,0,0.0,0.0,0.0,0.0
1911,57330,0,0,0,0.0,0.0,0.0,0.0
1912,57360,0,0,0,0.0,0.0,0.0,0.0
1913,57390,0,0,0,0.0,0.0,0.0,0.0
1914,57420,0,0,0,0.0,0.0,0.0,0.0
1915,57450,0,0,0,0.0,0.0,0.0,0.0
1916,57480,0,0,0,0.0,0.0,0.0,0.0
1917,57510,0,0,0,0.0,0.0,0.0,0.0
1918,57540,0,0,0,0.0,0.0,0.0,0.0
1919,57570,0,0,0,0.0,0.0,0.0,0.0
1920,57600,0,0,0,0.0,0.0,0.0,0.0
1921,57630,0,0,0,0.0,0.0,0.0,0.0
1922,57660,0,0,0,0.0,0.0,0.0,0.0
1923,57690,0,0,0,0.0,0.0,0.0,0.0
1924,57720,0,0,0,0.0,0.0,0.0,0.0
1925,57750,0,0,0,0.0,0.0,0.0,0.0
1926,57780,0,0,0,0.0,0.0,0.0,0.0
1927,57810,0,0,0,0.0,0.0,0.0,0.0
1928,57840,0,0,0,0.0,0.0,0.0,0.0
1929,57870,0,0,0,0.0,0.0,0.0,0.0
1930,57900,0,0,0,0.0,0.0,0.0,0.0
1931,57930,0,0,0,0.0,0.0,0.0,0.0
1932,57960,0,0,0,0.0,0.0,0.0,0.0
1933,57990,0,0,0,0.0,0.0,0.0,0.0
1934,58020,0,0,0,0.0,0.0,0.0,0.0
1935,58050,0,0,0,0.0,0.0,0.0,0.0
1936,58080,0,0,0,0.0,0.0,0.0,0.0
1937,58110,0,0,0,0.0,0.0,0.0,0.0
1938,58140,0,0,0,0.0,0.0,0.0,0.0
1939,58170,0,0,0,0.0,0.0,0.0,0.0
1940,58200,0,0,0,0.0,0.0,0.0,0.0
1941,58230,0,0,0,0.0,0.0,0.0,0.0
1942,58260,0,0,0,0.0,0.0,0.0,0.0
1943,58290,0,0,0,0.0,0.0,0.0,0.0
1944,58320,0,0,0,0.0,0.0,0.0,0.0
1945,58350,0,0,0,0.0,0.0,0.0,0.0
1946,58380,0,0,0,0.0,0.0,0.0,0.0
1947,58410,0,0,0,0.0,0.0,0.0,0.0
1948,58440,0,0,0,0.0,0.0,0.0,0.0
1949,58470,0,0,0,0.0,0.0,0.0,0.0
1950,58500,0,0,0,0.0,0.0,0.0,0.0
1951,58530,0,0,0,0.0,0.0,0.0,0.0
1952,58560,0,0,0,0.0,0.0,0.0,0.0
1953,58590,0,0,0,0.0,0.0,0.0,0.0
1954,58620,0,0,0,0.0,0.0,0.0,0.0
1955,58650,0,0,0,0.0,0.0,0.0,0.0
1956,58680,0,0,0,0.0,0.0,0.0,0.0
1957,58710,0,0,0,0.0,0.0,0.0,0.0
1958,58740,0,0,0,0.0,0.0,0.0,0.0
1959,58770,0,0,0,0.0,0.0,0.0,0.0
1960,58800,0,0,0,0.0,0.0,0.0,0.0
1961,58830,0,0,0,0.0,0.0,0.0,0.0
1962,58860,0,0,0,0.0,0.0,0.0,0.0
1963,58890,0,0,0,0.0,0.0,0.0,0.0
1964,58920,0,0,0,0.0,0.0,0.0,0.0
1965,58950,0,0,0,0.0,0.0,0.0,0.0
1966,58980,0,0,0,0.0,0.0,0.0,0.0
1967,59010,0,0,0,0.0,0.0,0.0,0.0
1968,59040,0,0,0,0.0,0.0,0.0,0.0
1969,59070,0,0,0,0.0,0.0,0.0,0.0
1970,59100,0,0,0,0.0,0.0,0.0,0.0
1971,59130,0,0,0,0.0,0.0,0.0,0.0
1972,59160,0,0,0,0.0,0.0,0.0,0.0
1973,59190,0,0,0,0.0,0.0,0.0,0.0
1974,59220,0,0,0,0.0,0.0,0.0,0.0
1975,59250,0,0,0,0.0,0.0,0.0,0.0
1976,59280,0,0,0,0.0,0.0,0.0,0.0
1977,59310,0,0,0,0.0,0.0,0.0,0.0
1978,59340,0,0,0,0.0,0.0,0.0,0.0
1979,59370,0,0,0,0.0,0.0,0.0,0.0
1980,59400,0,0,0,0.0,0.0,0.0,0.0
1981,59430,0,0,0,0.0,0.0,0.0,0.0
1982,59460,0,0,0,0.0,0.0,0.0,0.0
1983,59490,0,0,0,0.0,0.0,0.0,0.0
1984,59520,0,0,0,0.0,0.0,0.0,0.0
1985,59550,0,0,0,0.0,0.0,0.0,0.0
1986,59580,0,0,0,0.0,0.0,0.0,0.0
1987,59610,0,0,0,0.0,0.0,0.0,0.0
1988,59640,0,0,0,0.0,0.0,0.0,0.0
1989,59670,0,0,0,0.0,0.0,0.0,0.0
1990,59700,0,0,0,0.0,0.0,0.0,0.0
1991,59730,0,0,0,0.0,0.0,0.0,0.0
1992,59760,0,0,0,0.0,0.0,0.0,0.0
1993,59790,0,0,0,0.0,0.0,0.0,0.0
1994,59820,0,0,0,0.0,0.0,0.0,0.0
1995,59850,0,0,0,0.0,0.0,0.0,0.0
1996,59880,0,0,0,0.0,0.0,0.0,0.0
1997,59910,0,0,0,0.0,0.0,0.0,0.0
1998,59940,0,0,0,0.0,0.0,0.0,0.0
1999,59970,0,0,0,0.0,0.0,0.0,0.0
